Energy_MeV,W_0.1mm,W_0.25mm,W_0.5mm,W_1.0mm
0.001000,19,11,0,6
0.003000,12,8,2,16
0.005000,23,21,2,17
0.007000,43,28,3,41
0.009000,102,78,12,179
0.011000,44,30,1,53
0.013000,19,11,0,27
0.015000,42,25,4,36
0.017000,48,32,1,51
0.019000,52,51,5,53
0.021000,47,37,7,64
0.023000,84,49,6,62
0.025000,93,55,4,79
0.027000,99,72,3,92
0.029000,105,67,9,115
0.031000,101,87,7,107
0.033000,115,100,11,134
0.035000,119,113,16,154
0.037000,114,127,14,185
0.039000,144,135,10,192
0.041000,157,166,10,205
0.043000,142,177,17,244
0.045000,161,161,20,266
0.047000,154,189,23,302
0.049000,132,197,17,348
0.051000,154,199,23,360
0.053000,144,215,27,398
0.055000,133,200,27,513
0.057000,166,224,33,565
0.059000,655,1729,385,8514
0.061000,140,244,32,595
0.063000,148,224,42,643
0.065000,157,255,36,673
0.067000,262,580,103,3213
0.069000,148,305,56,1354
0.071000,78,62,7,120
0.073000,75,71,8,111
0.075000,75,88,10,122
0.077000,83,79,9,119
0.079000,71,74,14,123
0.081000,72,76,8,141
0.083000,89,102,9,154
0.085000,86,107,12,157
0.087000,68,106,10,177
0.089000,72,96,4,191
0.091000,75,114,8,196
0.093000,85,107,11,183
0.095000,72,103,19,183
0.097000,64,88,21,195
0.099000,72,105,19,197
0.101000,82,99,16,229
0.103000,77,96,14,253
0.105000,64,124,19,279
0.107000,72,119,15,242
0.109000,62,101,20,276
0.111000,89,119,12,288
0.113000,71,100,27,270
0.115000,78,111,13,333
0.117000,83,126,21,369
0.119000,69,111,17,357
0.121000,69,106,16,375
0.123000,61,98,21,327
0.125000,53,106,26,403
0.127000,68,109,17,376
0.129000,71,121,24,397
0.131000,51,120,22,415
0.133000,64,107,20,425
0.135000,54,118,14,483
0.137000,61,88,18,468
0.139000,64,116,24,467
0.141000,62,112,29,534
0.143000,53,113,25,494
0.145000,63,107,24,486
0.147000,52,98,23,520
0.149000,55,115,26,504
0.151000,51,101,25,520
0.153000,53,113,29,519
0.155000,53,98,26,569
0.157000,63,107,26,572
0.159000,53,120,24,532
0.161000,57,117,17,585
0.163000,46,106,15,628
0.165000,41,125,24,615
0.167000,45,106,19,578
0.169000,44,91,22,617
0.171000,69,92,27,617
0.173000,48,106,27,589
0.175000,46,93,27,610
0.177000,44,77,27,632
0.179000,58,95,32,603
0.181000,42,92,17,618
0.183000,46,95,22,631
0.185000,53,89,18,651
0.187000,65,107,19,634
0.189000,47,81,18,674
0.191000,48,95,18,688
0.193000,42,106,16,665
0.195000,43,89,18,685
0.197000,34,86,13,608
0.199000,35,104,24,646
0.201000,36,93,20,628
0.203000,58,93,16,696
0.205000,51,79,23,674
0.207000,46,78,15,720
0.209000,35,94,15,668
0.211000,44,91,18,718
0.213000,34,73,19,693
0.215000,30,78,31,652
0.217000,28,92,23,671
0.219000,36,93,18,665
0.221000,31,75,23,654
0.223000,37,73,19,678
0.225000,36,76,16,594
0.227000,32,73,20,678
0.229000,34,79,29,668
0.231000,32,83,18,701
0.233000,30,90,14,621
0.235000,30,81,18,703
0.237000,35,76,25,687
0.239000,35,85,18,676
0.241000,34,72,17,704
0.243000,36,84,17,642
0.245000,26,90,15,648
0.247000,33,65,18,632
0.249000,25,65,16,644
0.251000,24,63,16,648
0.253000,26,69,16,680
0.255000,38,79,15,649
0.257000,45,64,19,682
0.259000,21,69,19,601
0.261000,30,60,14,645
0.263000,19,69,14,612
0.265000,30,67,11,660
0.267000,21,72,17,653
0.269000,42,66,17,666
0.271000,27,61,14,667
0.273000,33,67,16,624
0.275000,28,74,6,616
0.277000,31,71,16,633
0.279000,36,56,22,618
0.281000,23,56,19,648
0.283000,26,74,17,629
0.285000,28,62,14,600
0.287000,30,75,11,648
0.289000,30,64,12,587
0.291000,38,62,13,642
0.293000,23,50,15,628
0.295000,25,72,18,613
0.297000,26,62,15,566
0.299000,33,70,15,613
0.301000,28,63,13,603
0.303000,26,57,15,579
0.305000,24,58,18,596
0.307000,22,54,8,555
0.309000,21,56,15,589
0.311000,16,52,14,572
0.313000,21,52,12,562
0.315000,31,63,8,594
0.317000,25,68,14,577
0.319000,18,52,19,591
0.321000,25,50,9,542
0.323000,26,43,8,564
0.325000,29,61,14,506
0.327000,25,46,13,489
0.329000,25,51,12,546
0.331000,31,48,10,556
0.333000,27,56,15,540
0.335000,23,42,10,563
0.337000,23,49,11,557
0.339000,20,55,13,504
0.341000,24,37,10,538
0.343000,29,50,18,527
0.345000,20,59,20,498
0.347000,21,37,10,513
0.349000,18,51,13,513
0.351000,23,49,10,513
0.353000,24,45,6,554
0.355000,14,42,5,478
0.357000,23,47,11,494
0.359000,19,61,10,496
0.361000,22,42,15,503
0.363000,16,44,8,488
0.365000,24,41,15,469
0.367000,18,42,14,461
0.369000,27,42,15,501
0.371000,12,45,10,482
0.373000,25,55,13,487
0.375000,26,54,11,485
0.377000,17,53,10,515
0.379000,24,58,7,467
0.381000,16,50,20,436
0.383000,13,35,8,467
0.385000,11,44,11,444
0.387000,21,48,11,457
0.389000,10,34,15,475
0.391000,15,37,10,428
0.393000,15,45,10,447
0.395000,14,33,7,465
0.397000,18,36,16,444
0.399000,18,34,8,437
0.401000,25,44,15,487
0.403000,18,41,8,445
0.405000,11,43,10,445
0.407000,20,37,12,426
0.409000,15,31,9,472
0.411000,17,44,17,475
0.413000,17,35,10,451
0.415000,15,39,8,443
0.417000,14,35,10,461
0.419000,17,42,8,428
0.421000,17,45,6,417
0.423000,12,33,14,435
0.425000,16,29,7,487
0.427000,15,37,12,409
0.429000,18,20,3,406
0.431000,17,46,10,409
0.433000,19,27,14,403
0.435000,10,34,9,392
0.437000,18,36,8,405
0.439000,21,33,13,381
0.441000,22,45,5,366
0.443000,14,43,12,423
0.445000,10,27,11,404
0.447000,19,40,8,360
0.449000,14,31,16,394
0.451000,11,32,9,368
0.453000,18,31,13,386
0.455000,16,29,6,384
0.457000,18,35,5,402
0.459000,13,27,5,396
0.461000,12,28,6,380
0.463000,16,31,13,390
0.465000,17,41,5,394
0.467000,15,32,9,371
0.469000,17,28,6,390
0.471000,17,40,7,368
0.473000,15,38,7,375
0.475000,15,38,12,394
0.477000,17,32,14,354
0.479000,15,50,11,383
0.481000,11,34,5,390
0.483000,13,21,11,361
0.485000,14,25,7,354
0.487000,12,37,11,338
0.489000,19,38,9,361
0.491000,13,25,4,375
0.493000,9,26,5,379
0.495000,8,31,6,351
0.497000,14,20,7,330
0.499000,10,28,6,369
0.501000,18,31,4,348
0.503000,7,25,9,339
0.505000,10,31,4,328
0.507000,11,28,3,323
0.509000,16,31,4,312
0.511000,12,35,9,630
0.513000,18,28,10,321
0.515000,11,38,5,329
0.517000,16,36,4,315
0.519000,11,34,10,337
0.521000,14,22,7,344
0.523000,12,30,7,333
0.525000,10,27,5,306
0.527000,8,25,9,329
0.529000,7,35,6,306
0.531000,10,37,4,319
0.533000,11,22,4,317
0.535000,13,14,2,312
0.537000,13,22,6,301
0.539000,17,26,18,308
0.541000,9,26,1,300
0.543000,9,27,7,336
0.545000,11,16,8,307
0.547000,10,27,6,290
0.549000,9,24,6,326
0.551000,7,22,6,289
0.553000,15,21,10,291
0.555000,11,35,9,301
0.557000,10,31,14,298
0.559000,15,28,7,251
0.561000,11,23,7,283
0.563000,9,30,6,311
0.565000,10,21,9,303
0.567000,11,24,5,304
0.569000,9,20,6,311
0.571000,13,35,8,286
0.573000,11,28,13,290
0.575000,11,15,5,278
0.577000,8,27,8,260
0.579000,10,30,5,287
0.581000,10,30,2,260
0.583000,8,23,7,288
0.585000,8,23,4,292
0.587000,19,18,2,303
0.589000,12,27,7,265
0.591000,11,27,5,245
0.593000,6,19,7,272
0.595000,12,21,2,250
0.597000,9,23,10,268
0.599000,8,25,4,265
0.601000,10,21,9,266
0.603000,7,15,6,277
0.605000,6,26,3,302
0.607000,6,22,4,267
0.609000,6,12,4,253
0.611000,11,13,5,278
0.613000,12,30,0,277
0.615000,7,19,8,239
0.617000,13,30,7,267
0.619000,8,23,4,260
0.621000,9,26,5,258
0.623000,5,18,9,223
0.625000,11,15,5,237
0.627000,10,19,4,221
0.629000,8,23,5,230
0.631000,6,21,7,216
0.633000,8,26,4,254
0.635000,11,20,5,275
0.637000,8,23,2,234
0.639000,9,15,7,232
0.641000,15,16,4,243
0.643000,10,18,5,257
0.645000,8,11,2,251
0.647000,9,21,3,244
0.649000,13,17,5,254
0.651000,11,21,4,228
0.653000,6,12,10,215
0.655000,8,11,8,234
0.657000,9,25,7,211
0.659000,5,17,3,244
0.661000,9,21,5,260
0.663000,9,18,3,233
0.665000,7,15,3,219
0.667000,4,23,4,258
0.669000,8,19,7,229
0.671000,5,26,5,225
0.673000,12,15,4,231
0.675000,5,20,5,219
0.677000,6,17,2,246
0.679000,7,25,6,227
0.681000,11,34,4,223
0.683000,2,28,6,245
0.685000,5,19,6,223
0.687000,6,17,4,218
0.689000,7,11,8,204
0.691000,3,24,11,229
0.693000,5,22,2,221
0.695000,8,20,4,207
0.697000,2,16,4,204
0.699000,4,13,5,199
0.701000,7,22,4,241
0.703000,9,17,6,221
0.705000,7,24,2,196
0.707000,6,17,6,197
0.709000,8,13,3,195
0.711000,10,13,6,175
0.713000,8,11,4,211
0.715000,7,12,6,222
0.717000,6,15,3,197
0.719000,8,16,9,206
0.721000,5,17,6,208
0.723000,5,10,4,213
0.725000,10,17,3,205
0.727000,4,7,3,211
0.729000,5,13,7,193
0.731000,9,11,7,214
0.733000,5,10,9,211
0.735000,8,19,5,210
0.737000,12,19,4,205
0.739000,3,14,9,207
0.741000,6,12,4,218
0.743000,5,15,5,214
0.745000,5,21,4,211
0.747000,3,18,5,208
0.749000,7,15,2,236
0.751000,9,12,3,200
0.753000,3,15,1,201
0.755000,4,17,3,192
0.757000,7,20,5,198
0.759000,8,11,1,179
0.761000,7,8,2,177
0.763000,8,13,2,157
0.765000,12,18,3,173
0.767000,8,13,3,173
0.769000,8,12,2,198
0.771000,4,13,3,175
0.773000,5,11,2,197
0.775000,4,15,6,168
0.777000,5,9,0,181
0.779000,8,16,5,177
0.781000,6,11,6,173
0.783000,6,13,4,199
0.785000,9,14,3,164
0.787000,3,15,2,172
0.789000,4,9,9,190
0.791000,5,11,3,189
0.793000,5,17,6,171
0.795000,4,15,5,194
0.797000,9,15,4,179
0.799000,8,15,3,168
0.801000,8,10,5,186
0.803000,7,20,0,179
0.805000,8,13,1,174
0.807000,10,10,3,182
0.809000,2,18,7,181
0.811000,8,18,3,151
0.813000,5,17,3,182
0.815000,7,20,9,164
0.817000,5,15,2,164
0.819000,14,9,5,180
0.821000,6,15,1,156
0.823000,7,9,5,171
0.825000,11,12,8,169
0.827000,3,13,3,156
0.829000,3,16,4,173
0.831000,7,14,8,164
0.833000,4,5,4,169
0.835000,6,11,2,161
0.837000,8,16,4,160
0.839000,4,14,4,168
0.841000,4,9,5,148
0.843000,3,10,7,155
0.845000,4,19,7,162
0.847000,6,9,4,174
0.849000,7,8,2,163
0.851000,5,14,5,169
0.853000,3,15,5,180
0.855000,7,11,4,168
0.857000,6,14,2,152
0.859000,5,19,5,127
0.861000,9,10,5,154
0.863000,6,5,3,150
0.865000,9,13,3,153
0.867000,5,8,7,155
0.869000,2,11,5,162
0.871000,5,14,1,153
0.873000,4,15,7,156
0.875000,6,14,5,151
0.877000,2,16,3,155
0.879000,1,16,2,168
0.881000,7,13,5,156
0.883000,3,12,0,137
0.885000,8,13,4,156
0.887000,5,8,0,170
0.889000,2,11,4,145
0.891000,8,11,5,145
0.893000,3,11,1,137
0.895000,1,11,3,155
0.897000,5,6,0,155
0.899000,7,11,3,142
0.901000,5,8,1,159
0.903000,4,12,3,163
0.905000,2,16,5,131
0.907000,4,12,2,146
0.909000,4,15,5,157
0.911000,5,15,5,154
0.913000,4,12,6,129
0.915000,5,8,5,149
0.917000,5,12,0,147
0.919000,6,7,3,142
0.921000,5,11,3,128
0.923000,6,12,4,147
0.925000,7,9,7,155
0.927000,3,16,2,136
0.929000,4,14,1,140
0.931000,4,9,4,139
0.933000,7,3,2,132
0.935000,6,15,1,131
0.937000,2,6,7,156
0.939000,6,9,3,133
0.941000,8,11,1,124
0.943000,4,15,4,133
0.945000,6,14,2,130
0.947000,3,5,1,128
0.949000,8,10,2,124
0.951000,3,8,0,128
0.953000,5,12,4,132
0.955000,1,8,1,148
0.957000,3,17,1,120
0.959000,5,11,3,150
0.961000,8,1,0,135
0.963000,10,14,4,135
0.965000,4,10,2,116
0.967000,5,10,4,126
0.969000,1,11,2,136
0.971000,6,14,3,127
0.973000,5,6,3,130
0.975000,6,12,1,136
0.977000,3,12,2,113
0.979000,3,6,1,110
0.981000,4,7,2,132
0.983000,11,10,2,116
0.985000,4,11,0,119
0.987000,5,6,3,126
0.989000,3,16,3,109
0.991000,3,9,2,123
0.993000,8,7,3,104
0.995000,4,9,5,112
0.997000,3,14,5,114
0.999000,7,9,2,128
1.001000,6,8,2,125
1.003000,3,1,6,132
1.005000,5,9,3,132
1.007000,4,4,3,109
1.009000,0,11,3,130
1.011000,5,8,1,128
1.013000,4,7,2,128
1.015000,5,10,1,123
1.017000,2,9,1,106
1.019000,0,11,1,106
1.021000,3,6,4,116
1.023000,2,6,2,127
1.025000,2,7,4,105
1.027000,7,9,3,111
1.029000,3,13,2,114
1.031000,4,4,2,135
1.033000,4,14,6,110
1.035000,4,7,3,94
1.037000,4,12,4,104
1.039000,4,7,0,138
1.041000,3,8,4,117
1.043000,3,6,3,101
1.045000,6,4,2,82
1.047000,0,7,3,108
1.049000,5,3,3,120
1.051000,3,8,2,120
1.053000,8,5,2,103
1.055000,3,10,5,113
1.057000,6,8,2,123
1.059000,3,5,2,124
1.061000,5,11,4,114
1.063000,1,11,5,102
1.065000,3,6,2,110
1.067000,3,6,1,107
1.069000,6,12,2,103
1.071000,2,6,4,107
1.073000,3,13,2,99
1.075000,2,7,4,118
1.077000,2,8,2,108
1.079000,1,13,2,109
1.081000,5,8,1,111
1.083000,4,7,0,115
1.085000,4,8,1,90
1.087000,4,3,2,105
1.089000,1,7,7,95
1.091000,3,10,2,104
1.093000,5,3,4,90
1.095000,2,2,5,92
1.097000,3,8,3,97
1.099000,3,9,2,98
1.101000,4,8,2,88
1.103000,5,11,2,130
1.105000,4,5,6,107
1.107000,1,13,4,96
1.109000,1,8,2,90
1.111000,4,7,3,100
1.113000,6,4,3,108
1.115000,4,11,1,97
1.117000,5,11,3,90
1.119000,4,10,1,114
1.121000,4,11,0,102
1.123000,7,8,3,102
1.125000,3,6,1,109
1.127000,4,8,2,107
1.129000,2,5,1,99
1.131000,2,5,2,93
1.133000,2,10,0,106
1.135000,3,3,0,112
1.137000,3,8,3,86
1.139000,1,10,2,88
1.141000,2,6,1,93
1.143000,3,11,3,111
1.145000,4,3,5,122
1.147000,3,7,2,87
1.149000,2,7,1,91
1.151000,2,7,2,111
1.153000,1,7,4,98
1.155000,6,7,2,90
1.157000,2,8,1,94
1.159000,3,9,1,77
1.161000,1,11,2,82
1.163000,1,7,2,96
1.165000,1,10,3,87
1.167000,4,10,2,96
1.169000,2,8,0,101
1.171000,7,7,1,83
1.173000,4,8,3,109
1.175000,4,9,2,105
1.177000,4,9,2,97
1.179000,0,7,1,91
1.181000,3,4,2,93
1.183000,5,6,0,91
1.185000,0,8,2,83
1.187000,3,7,3,86
1.189000,1,9,3,89
1.191000,1,6,2,81
1.193000,2,4,1,77
1.195000,0,8,2,83
1.197000,3,9,4,95
1.199000,5,7,2,84
1.201000,3,8,1,83
1.203000,3,3,2,77
1.205000,3,5,2,83
1.207000,5,7,1,105
1.209000,3,9,1,79
1.211000,2,9,2,98
1.213000,4,5,3,88
1.215000,3,7,1,88
1.217000,0,14,2,98
1.219000,2,9,4,79
1.221000,5,8,1,77
1.223000,0,7,1,89
1.225000,1,4,2,88
1.227000,2,7,1,84
1.229000,2,8,4,89
1.231000,2,5,2,87
1.233000,5,10,1,89
1.235000,2,6,1,69
1.237000,2,6,4,97
1.239000,4,7,1,84
1.241000,4,10,1,87
1.243000,1,4,3,87
1.245000,2,3,1,76
1.247000,3,7,1,86
1.249000,2,7,2,83
1.251000,3,8,3,71
1.253000,3,3,3,82
1.255000,7,1,1,86
1.257000,2,6,2,80
1.259000,0,7,1,82
1.261000,8,8,2,100
1.263000,3,4,2,83
1.265000,4,15,1,92
1.267000,3,7,0,81
1.269000,6,5,1,82
1.271000,6,6,0,92
1.273000,0,7,2,65
1.275000,1,3,2,79
1.277000,4,8,2,75
1.279000,4,7,0,72
1.281000,4,4,2,82
1.283000,0,5,2,84
1.285000,1,5,1,74
1.287000,4,5,3,85
1.289000,1,7,4,91
1.291000,4,9,1,74
1.293000,1,12,1,58
1.295000,5,8,1,86
1.297000,2,4,2,69
1.299000,2,8,1,72
1.301000,3,11,3,81
1.303000,4,4,4,79
1.305000,2,8,1,70
1.307000,4,5,2,79
1.309000,2,10,0,68
1.311000,2,8,2,85
1.313000,0,4,3,85
1.315000,1,10,0,72
1.317000,3,6,0,71
1.319000,1,2,6,84
1.321000,2,9,1,88
1.323000,3,4,0,58
1.325000,3,5,0,81
1.327000,4,5,0,64
1.329000,2,6,1,70
1.331000,3,6,0,66
1.333000,5,5,3,71
1.335000,3,3,1,75
1.337000,2,2,3,79
1.339000,3,6,0,59
1.341000,2,5,2,82
1.343000,4,5,1,74
1.345000,4,4,1,71
1.347000,0,8,0,73
1.349000,4,3,1,78
1.351000,4,5,4,72
1.353000,4,4,3,73
1.355000,3,3,2,72
1.357000,1,4,2,71
1.359000,1,5,1,76
1.361000,5,7,5,74
1.363000,2,2,1,62
1.365000,0,4,2,73
1.367000,1,7,0,73
1.369000,4,6,1,65
1.371000,2,5,0,72
1.373000,2,5,1,56
1.375000,1,9,0,77
1.377000,1,3,0,67
1.379000,2,5,2,61
1.381000,4,2,2,73
1.383000,2,8,3,75
1.385000,1,5,0,71
1.387000,3,5,1,61
1.389000,1,1,1,70
1.391000,1,6,2,74
1.393000,2,5,1,77
1.395000,3,3,0,54
1.397000,1,9,2,75
1.399000,1,5,0,73
1.401000,2,5,1,61
1.403000,3,4,1,62
1.405000,0,8,1,77
1.407000,3,6,1,67
1.409000,1,5,2,65
1.411000,3,6,1,66
1.413000,2,4,0,63
1.415000,2,5,3,65
1.417000,2,4,1,56
1.419000,4,4,0,67
1.421000,5,11,0,68
1.423000,3,4,1,74
1.425000,0,9,3,72
1.427000,1,3,0,60
1.429000,0,5,2,78
1.431000,1,12,2,72
1.433000,2,8,0,51
1.435000,1,5,2,70
1.437000,0,5,2,66
1.439000,2,4,2,70
1.441000,0,6,1,69
1.443000,3,7,2,62
1.445000,2,6,1,66
1.447000,3,7,0,73
1.449000,1,7,0,69
1.451000,0,5,2,57
1.453000,4,3,3,56
1.455000,0,3,0,74
1.457000,4,4,1,68
1.459000,6,6,1,57
1.461000,6,1,0,62
1.463000,1,5,2,59
1.465000,1,2,2,76
1.467000,0,6,3,55
1.469000,2,3,0,72
1.471000,0,8,3,73
1.473000,0,2,3,53
1.475000,1,9,1,68
1.477000,4,3,0,77
1.479000,1,5,4,77
1.481000,0,1,2,74
1.483000,2,4,3,60
1.485000,1,5,2,69
1.487000,4,8,2,57
1.489000,0,1,1,65
1.491000,1,3,0,63
1.493000,3,3,2,67
1.495000,1,4,1,61
1.497000,0,4,2,57
1.499000,1,3,2,59
1.501000,3,4,2,55
1.503000,3,4,2,59
1.505000,2,6,0,68
1.507000,2,7,3,48
1.509000,1,2,0,66
1.511000,2,5,0,62
1.513000,2,5,3,56
1.515000,4,1,2,60
1.517000,1,2,0,62
1.519000,2,4,0,42
1.521000,1,3,3,66
1.523000,1,3,0,66
1.525000,0,5,2,48
1.527000,3,1,2,73
1.529000,3,4,2,69
1.531000,3,6,1,58
1.533000,0,4,1,54
1.535000,2,3,0,52
1.537000,1,1,1,50
1.539000,3,6,0,66
1.541000,5,2,1,57
1.543000,3,5,0,58
1.545000,6,3,2,57
1.547000,2,7,1,46
1.549000,4,4,4,56
1.551000,0,9,0,54
1.553000,5,3,0,52
1.555000,2,4,1,55
1.557000,0,7,0,53
1.559000,2,8,1,67
1.561000,3,6,4,54
1.563000,2,7,0,65
1.565000,1,6,1,53
1.567000,0,4,1,56
1.569000,3,5,4,59
1.571000,2,3,1,49
1.573000,1,3,2,42
1.575000,4,6,0,53
1.577000,0,3,1,56
1.579000,3,3,1,48
1.581000,3,5,2,57
1.583000,1,5,0,57
1.585000,2,7,2,59
1.587000,1,2,1,61
1.589000,1,2,0,48
1.591000,1,5,3,50
1.593000,0,4,0,56
1.595000,2,7,0,40
1.597000,3,5,0,56
1.599000,3,2,0,49
1.601000,3,4,1,63
1.603000,2,4,0,49
1.605000,2,1,1,57
1.607000,1,7,1,51
1.609000,0,6,0,48
1.611000,2,2,2,55
1.613000,4,3,1,46
1.615000,1,2,1,47
1.617000,1,4,1,50
1.619000,0,4,0,55
1.621000,2,5,2,53
1.623000,0,3,1,56
1.625000,1,6,1,56
1.627000,4,2,0,58
1.629000,2,0,1,42
1.631000,1,1,2,40
1.633000,0,4,1,59
1.635000,1,3,0,52
1.637000,1,8,1,35
1.639000,1,5,3,53
1.641000,1,1,0,45
1.643000,1,6,0,64
1.645000,2,3,2,44
1.647000,1,3,1,47
1.649000,2,1,2,61
1.651000,2,5,2,54
1.653000,0,2,1,43
1.655000,0,5,0,49
1.657000,1,5,1,60
1.659000,2,3,0,48
1.661000,0,4,1,50
1.663000,0,7,1,59
1.665000,1,6,0,52
1.667000,1,5,3,38
1.669000,0,6,1,40
1.671000,0,5,3,43
1.673000,1,4,0,55
1.675000,1,1,1,58
1.677000,2,0,0,43
1.679000,1,3,1,39
1.681000,1,7,0,45
1.683000,2,4,0,51
1.685000,2,5,1,55
1.687000,2,2,1,52
1.689000,2,7,1,40
1.691000,2,4,1,51
1.693000,1,3,1,47
1.695000,1,4,0,40
1.697000,0,4,3,60
1.699000,0,1,2,36
1.701000,0,3,2,47
1.703000,1,0,0,66
1.705000,2,1,1,52
1.707000,4,6,1,46
1.709000,1,1,0,46
1.711000,1,7,0,45
1.713000,2,5,1,51
1.715000,2,3,0,55
1.717000,1,3,0,45
1.719000,1,2,0,52
1.721000,1,3,1,40
1.723000,0,1,1,41
1.725000,3,1,0,40
1.727000,1,5,1,40
1.729000,1,2,0,51
1.731000,3,4,0,57
1.733000,2,4,0,47
1.735000,1,3,2,40
1.737000,0,2,1,49
1.739000,0,4,2,57
1.741000,4,5,0,38
1.743000,2,1,0,37
1.745000,1,2,0,45
1.747000,1,2,0,41
1.749000,1,5,1,33
1.751000,1,4,0,52
1.753000,0,2,1,50
1.755000,1,3,2,35
1.757000,2,5,0,52
1.759000,1,3,0,41
1.761000,1,4,2,46
1.763000,3,2,3,46
1.765000,1,3,0,43
1.767000,0,2,1,49
1.769000,2,2,2,55
1.771000,2,2,1,33
1.773000,1,3,2,45
1.775000,0,5,0,42
1.777000,1,5,0,49
1.779000,2,6,0,30
1.781000,2,2,1,44
1.783000,3,7,1,35
1.785000,1,5,0,29
1.787000,0,1,1,43
1.789000,0,7,3,42
1.791000,2,3,1,47
1.793000,1,5,1,56
1.795000,1,1,1,55
1.797000,1,3,1,48
1.799000,5,4,2,56
1.801000,1,2,2,39
1.803000,1,3,2,30
1.805000,2,5,1,43
1.807000,3,5,0,32
1.809000,1,3,1,48
1.811000,1,1,1,38
1.813000,1,1,0,44
1.815000,1,2,1,32
1.817000,1,3,1,44
1.819000,1,9,1,44
1.821000,3,6,1,51
1.823000,0,7,1,50
1.825000,2,6,0,31
1.827000,2,0,2,36
1.829000,3,0,1,47
1.831000,0,2,2,42
1.833000,1,2,1,37
1.835000,2,1,0,38
1.837000,1,3,0,41
1.839000,5,3,1,49
1.841000,3,2,1,45
1.843000,1,3,2,37
1.845000,1,1,1,44
1.847000,1,3,3,43
1.849000,1,3,1,43
1.851000,4,5,1,32
1.853000,2,2,1,34
1.855000,1,1,1,36
1.857000,1,2,0,39
1.859000,0,1,1,42
1.861000,2,3,2,36
1.863000,2,9,0,40
1.865000,0,3,1,32
1.867000,3,2,2,33
1.869000,2,4,0,34
1.871000,1,2,2,36
1.873000,3,1,3,36
1.875000,1,5,1,37
1.877000,0,4,0,31
1.879000,1,4,0,42
1.881000,1,5,1,46
1.883000,0,5,0,38
1.885000,2,2,2,48
1.887000,1,2,1,44
1.889000,0,2,0,35
1.891000,2,1,2,36
1.893000,2,5,1,47
1.895000,0,2,1,36
1.897000,4,1,1,26
1.899000,2,3,0,38
1.901000,0,2,0,36
1.903000,1,1,0,34
1.905000,1,4,0,28
1.907000,0,3,0,32
1.909000,2,0,0,32
1.911000,0,1,1,49
1.913000,1,2,2,48
1.915000,1,5,0,43
1.917000,0,3,0,45
1.919000,4,1,2,42
1.921000,0,3,0,39
1.923000,0,2,1,32
1.925000,0,1,0,44
1.927000,2,5,0,35
1.929000,3,1,0,35
1.931000,1,3,0,54
1.933000,0,4,0,27
1.935000,2,3,1,36
1.937000,1,2,0,48
1.939000,4,1,2,27
1.941000,0,2,0,36
1.943000,1,4,0,51
1.945000,1,3,0,34
1.947000,1,7,0,38
1.949000,0,2,1,45
1.951000,0,1,0,26
1.953000,0,3,0,39
1.955000,0,1,0,38
1.957000,0,4,1,39
1.959000,0,0,0,37
1.961000,2,5,0,38
1.963000,0,1,0,37
1.965000,2,2,0,33
1.967000,0,3,0,33
1.969000,1,4,0,42
1.971000,1,1,0,43
1.973000,2,2,0,39
1.975000,2,2,0,27
1.977000,2,1,3,41
1.979000,0,6,2,40
1.981000,3,3,0,36
1.983000,1,3,1,30
1.985000,2,2,1,29
1.987000,0,3,1,34
1.989000,0,2,0,32
1.991000,1,1,0,48
1.993000,2,3,0,36
1.995000,0,4,0,30
1.997000,0,2,0,41
1.999000,0,3,1,39
2.001000,1,2,1,32
2.003000,1,2,1,38
2.005000,2,0,1,25
2.007000,2,5,1,45
2.009000,2,1,0,31
2.011000,1,2,1,21
2.013000,1,2,1,29
2.015000,3,3,2,41
2.017000,1,3,1,29
2.019000,1,4,0,31
2.021000,1,2,3,38
2.023000,0,2,0,30
2.025000,0,2,0,32
2.027000,1,1,0,33
2.029000,1,2,0,36
2.031000,3,4,0,30
2.033000,1,2,2,25
2.035000,1,5,2,34
2.037000,0,2,2,32
2.039000,1,1,0,38
2.041000,0,5,0,41
2.043000,0,3,1,24
2.045000,0,3,1,33
2.047000,0,3,1,34
2.049000,1,4,1,31
2.051000,1,1,2,36
2.053000,1,2,1,29
2.055000,1,1,0,23
2.057000,1,3,0,38
2.059000,2,3,1,26
2.061000,1,3,1,35
2.063000,2,2,2,41
2.065000,1,1,2,33
2.067000,0,4,1,36
2.069000,1,5,1,26
2.071000,1,2,1,37
2.073000,2,0,0,29
2.075000,2,2,0,30
2.077000,1,6,1,36
2.079000,1,2,0,28
2.081000,3,1,1,43
2.083000,1,4,1,33
2.085000,1,0,2,37
2.087000,0,4,0,45
2.089000,2,3,0,23
2.091000,0,3,0,29
2.093000,0,1,3,36
2.095000,1,4,0,34
2.097000,1,1,1,29
2.099000,1,3,0,37
2.101000,2,2,1,40
2.103000,1,2,0,30
2.105000,0,1,0,31
2.107000,1,2,2,32
2.109000,0,4,1,28
2.111000,0,1,1,20
2.113000,1,2,0,28
2.115000,1,2,0,33
2.117000,1,1,0,22
2.119000,0,1,0,38
2.121000,2,4,1,28
2.123000,0,3,1,27
2.125000,0,0,1,25
2.127000,1,2,1,35
2.129000,1,2,1,32
2.131000,3,3,0,31
2.133000,1,1,0,27
2.135000,1,6,0,24
2.137000,4,1,0,31
2.139000,0,1,0,21
2.141000,2,3,1,21
2.143000,0,2,0,26
2.145000,2,1,0,30
2.147000,2,4,1,38
2.149000,2,2,0,32
2.151000,0,3,0,28
2.153000,0,3,0,32
2.155000,2,1,0,28
2.157000,1,1,0,15
2.159000,0,1,0,25
2.161000,2,4,0,27
2.163000,3,3,1,37
2.165000,1,1,2,32
2.167000,0,1,1,29
2.169000,0,1,1,32
2.171000,1,1,0,29
2.173000,0,4,0,22
2.175000,0,1,1,28
2.177000,0,0,0,27
2.179000,1,3,0,12
2.181000,0,4,0,24
2.183000,2,4,1,24
2.185000,1,1,2,22
2.187000,2,0,0,24
2.189000,0,3,2,30
2.191000,0,3,0,41
2.193000,1,2,1,34
2.195000,1,3,0,20
2.197000,1,1,1,32
2.199000,2,3,0,24
2.201000,0,4,0,34
2.203000,0,1,1,31
2.205000,2,0,2,21
2.207000,2,2,0,24
2.209000,1,2,0,27
2.211000,0,3,0,32
2.213000,0,2,2,36
2.215000,1,3,2,23
2.217000,2,1,1,29
2.219000,0,1,0,29
2.221000,0,1,0,37
2.223000,0,4,0,21
2.225000,0,2,1,30
2.227000,0,2,1,26
2.229000,1,1,0,30
2.231000,2,2,0,24
2.233000,0,4,0,26
2.235000,2,0,0,26
2.237000,3,1,0,31
2.239000,1,0,1,28
2.241000,4,2,0,23
2.243000,0,1,1,40
2.245000,0,4,0,29
2.247000,3,0,0,31
2.249000,1,3,0,20
2.251000,0,2,2,31
2.253000,0,3,1,27
2.255000,0,2,0,28
2.257000,2,1,0,25
2.259000,0,5,1,23
2.261000,1,1,1,25
2.263000,1,2,1,27
2.265000,0,1,0,30
2.267000,2,4,1,23
2.269000,0,3,0,23
2.271000,1,2,1,21
2.273000,1,1,1,26
2.275000,2,0,1,30
2.277000,0,1,0,30
2.279000,0,1,0,23
2.281000,2,1,1,29
2.283000,0,0,1,26
2.285000,0,1,1,32
2.287000,0,1,0,32
2.289000,1,3,0,27
2.291000,2,2,2,14
2.293000,2,0,0,29
2.295000,0,2,0,30
2.297000,2,0,0,28
2.299000,1,3,0,26
2.301000,0,1,0,33
2.303000,1,3,0,26
2.305000,2,2,2,28
2.307000,1,5,1,16
2.309000,2,0,0,22
2.311000,0,1,0,34
2.313000,0,0,0,32
2.315000,1,1,1,20
2.317000,1,1,0,21
2.319000,1,2,0,24
2.321000,0,2,0,26
2.323000,1,2,0,29
2.325000,2,4,0,21
2.327000,1,1,0,28
2.329000,0,2,1,18
2.331000,0,4,0,21
2.333000,0,2,1,21
2.335000,0,2,1,24
2.337000,0,4,0,29
2.339000,0,1,0,15
2.341000,1,1,1,30
2.343000,0,3,1,26
2.345000,0,2,0,16
2.347000,0,2,1,26
2.349000,0,2,0,29
2.351000,1,2,0,26
2.353000,0,1,1,28
2.355000,2,1,0,16
2.357000,1,4,1,20
2.359000,1,1,0,26
2.361000,2,2,1,20
2.363000,0,5,0,20
2.365000,0,1,0,35
2.367000,2,1,0,30
2.369000,0,6,0,21
2.371000,0,2,0,20
2.373000,0,3,0,27
2.375000,1,4,0,16
2.377000,1,1,1,22
2.379000,0,1,1,26
2.381000,0,3,0,22
2.383000,0,3,0,21
2.385000,4,4,0,15
2.387000,2,0,0,25
2.389000,0,3,0,27
2.391000,1,4,0,23
2.393000,0,3,0,20
2.395000,0,0,1,21
2.397000,0,1,0,20
2.399000,0,1,0,32
2.401000,1,2,0,21
2.403000,0,0,0,19
2.405000,0,2,0,34
2.407000,0,2,0,25
2.409000,1,0,0,24
2.411000,0,2,0,17
2.413000,2,2,2,21
2.415000,0,1,0,21
2.417000,1,2,2,18
2.419000,2,0,1,30
2.421000,2,0,2,20
2.423000,0,3,1,23
2.425000,0,2,1,26
2.427000,1,5,2,28
2.429000,1,2,1,12
2.431000,1,2,0,23
2.433000,0,1,0,25
2.435000,0,1,1,15
2.437000,0,1,2,29
2.439000,1,4,0,16
2.441000,0,1,0,18
2.443000,2,1,0,20
2.445000,3,3,0,20
2.447000,0,2,0,21
2.449000,0,5,0,23
2.451000,0,4,0,23
2.453000,1,1,2,20
2.455000,3,0,1,26
2.457000,0,1,1,22
2.459000,0,0,0,25
2.461000,1,5,1,25
2.463000,0,0,1,20
2.465000,1,1,1,22
2.467000,1,2,2,17
2.469000,1,2,0,17
2.471000,0,1,0,25
2.473000,0,1,0,31
2.475000,1,0,0,26
2.477000,0,2,1,20
2.479000,1,1,0,21
2.481000,0,4,1,16
2.483000,1,4,1,9
2.485000,0,0,1,22
2.487000,0,0,0,19
2.489000,0,2,0,28
2.491000,0,2,0,29
2.493000,0,3,0,21
2.495000,1,1,1,17
2.497000,0,1,1,20
2.499000,1,0,0,29
2.501000,0,0,0,20
2.503000,1,2,0,16
2.505000,1,2,0,19
2.507000,1,4,0,22
2.509000,0,1,0,17
2.511000,3,1,0,20
2.513000,0,1,1,21
2.515000,0,1,0,20
2.517000,1,2,1,22
2.519000,1,2,2,21
2.521000,0,1,2,14
2.523000,1,3,0,22
2.525000,1,1,1,19
2.527000,0,2,1,21
2.529000,1,1,1,13
2.531000,0,2,0,27
2.533000,0,0,0,20
2.535000,0,3,0,23
2.537000,1,1,1,18
2.539000,0,1,0,21
2.541000,0,0,0,18
2.543000,1,1,0,11
2.545000,4,0,0,22
2.547000,1,0,0,14
2.549000,0,3,0,17
2.551000,1,0,0,20
2.553000,0,2,0,19
2.555000,0,2,0,13
2.557000,0,1,1,14
2.559000,0,1,0,13
2.561000,0,2,1,21
2.563000,0,5,0,18
2.565000,0,1,0,15
2.567000,3,3,1,21
2.569000,0,1,1,17
2.571000,3,0,1,12
2.573000,0,2,0,23
2.575000,1,2,1,18
2.577000,1,2,2,20
2.579000,1,0,1,13
2.581000,1,4,1,17
2.583000,2,6,0,19
2.585000,1,1,0,15
2.587000,1,0,1,10
2.589000,0,0,0,26
2.591000,1,2,0,23
2.593000,0,1,0,14
2.595000,1,1,0,15
2.597000,1,1,0,16
2.599000,0,1,0,17
2.601000,0,3,1,17
2.603000,3,2,1,20
2.605000,2,0,0,19
2.607000,0,1,0,22
2.609000,0,1,1,14
2.611000,0,2,0,18
2.613000,0,3,0,21
2.615000,0,1,1,17
2.617000,0,1,1,14
2.619000,0,0,1,24
2.621000,0,1,0,17
2.623000,0,0,1,18
2.625000,1,4,0,21
2.627000,0,5,0,22
2.629000,0,1,0,15
2.631000,0,0,1,17
2.633000,1,1,0,16
2.635000,0,1,0,28
2.637000,0,1,1,22
2.639000,2,0,0,19
2.641000,1,1,0,17
2.643000,0,1,0,16
2.645000,0,1,0,13
2.647000,0,4,0,16
2.649000,1,1,0,26
2.651000,0,0,0,19
2.653000,1,1,1,18
2.655000,1,1,0,18
2.657000,2,1,1,18
2.659000,1,0,0,23
2.661000,4,1,0,17
2.663000,1,1,1,13
2.665000,1,1,0,20
2.667000,0,2,0,16
2.669000,0,2,0,18
2.671000,0,2,0,19
2.673000,0,2,1,23
2.675000,1,0,0,16
2.677000,0,0,0,20
2.679000,0,0,0,21
2.681000,1,0,0,14
2.683000,0,3,0,17
2.685000,1,2,0,16
2.687000,0,1,0,23
2.689000,0,1,0,13
2.691000,0,0,0,14
2.693000,0,1,1,13
2.695000,1,1,2,9
2.697000,0,0,1,23
2.699000,2,1,0,11
2.701000,0,4,0,18
2.703000,0,2,2,15
2.705000,2,1,0,25
2.707000,0,0,0,13
2.709000,1,0,0,16
2.711000,0,2,1,20
2.713000,2,1,1,15
2.715000,2,1,0,15
2.717000,1,4,1,15
2.719000,0,2,0,16
2.721000,0,0,1,22
2.723000,1,1,0,13
2.725000,0,4,1,14
2.727000,1,1,0,12
2.729000,0,2,0,20
2.731000,2,1,0,13
2.733000,0,1,1,12
2.735000,0,1,0,13
2.737000,1,0,0,15
2.739000,1,1,2,24
2.741000,0,1,1,10
2.743000,1,3,0,18
2.745000,1,2,0,26
2.747000,2,1,0,20
2.749000,0,1,1,17
2.751000,0,0,0,21
2.753000,0,3,0,9
2.755000,1,2,1,11
2.757000,0,0,0,13
2.759000,0,0,2,9
2.761000,1,0,0,19
2.763000,2,1,0,20
2.765000,1,0,0,9
2.767000,2,2,0,23
2.769000,3,1,0,11
2.771000,1,1,0,10
2.773000,0,0,0,20
2.775000,0,1,0,9
2.777000,0,1,0,18
2.779000,1,0,0,16
2.781000,0,0,0,20
2.783000,1,3,0,9
2.785000,0,0,0,12
2.787000,2,3,0,14
2.789000,0,0,1,17
2.791000,2,1,0,19
2.793000,0,2,0,15
2.795000,0,1,0,13
2.797000,2,1,0,16
2.799000,3,0,0,12
2.801000,0,0,0,17
2.803000,0,3,0,15
2.805000,1,1,0,14
2.807000,0,1,0,11
2.809000,0,2,0,18
2.811000,2,1,2,15
2.813000,0,0,0,16
2.815000,1,1,0,18
2.817000,0,1,1,20
2.819000,1,4,0,13
2.821000,0,2,0,20
2.823000,1,3,0,16
2.825000,0,1,0,17
2.827000,1,0,0,13
2.829000,0,0,1,16
2.831000,1,4,0,17
2.833000,1,1,0,13
2.835000,0,1,1,13
2.837000,0,1,0,9
2.839000,0,0,0,14
2.841000,1,4,0,16
2.843000,1,2,0,15
2.845000,0,0,0,15
2.847000,1,1,0,21
2.849000,0,1,1,17
2.851000,0,2,0,11
2.853000,1,2,0,13
2.855000,1,0,0,14
2.857000,2,1,0,16
2.859000,0,3,0,6
2.861000,0,3,0,13
2.863000,1,1,0,13
2.865000,0,0,0,24
2.867000,0,0,1,13
2.869000,1,2,1,10
2.871000,0,1,0,13
2.873000,1,1,0,13
2.875000,0,0,0,20
2.877000,0,1,1,10
2.879000,0,3,0,10
2.881000,1,3,0,13
2.883000,0,1,0,19
2.885000,0,0,1,13
2.887000,1,1,0,15
2.889000,0,1,1,10
2.891000,1,0,0,11
2.893000,3,0,1,17
2.895000,0,0,1,20
2.897000,0,1,0,12
2.899000,1,1,0,15
2.901000,0,1,0,18
2.903000,1,1,0,12
2.905000,1,1,0,17
2.907000,2,0,0,10
2.909000,0,0,1,16
2.911000,0,2,0,17
2.913000,0,2,0,15
2.915000,1,0,0,14
2.917000,0,1,1,15
2.919000,0,1,0,17
2.921000,1,0,0,14
2.923000,0,2,1,15
2.925000,1,1,0,10
2.927000,0,2,0,17
2.929000,0,2,0,13
2.931000,0,2,0,15
2.933000,1,1,1,13
2.935000,0,1,0,16
2.937000,0,2,0,18
2.939000,0,2,0,12
2.941000,0,0,0,13
2.943000,0,2,0,16
2.945000,0,0,0,15
2.947000,1,1,0,19
2.949000,0,0,1,14
2.951000,2,0,0,14
2.953000,0,3,1,16
2.955000,1,0,0,12
2.957000,0,3,0,12
2.959000,1,2,0,11
2.961000,0,1,0,7
2.963000,0,0,1,21
2.965000,0,2,0,19
2.967000,0,3,0,17
2.969000,0,1,0,18
2.971000,0,3,0,17
2.973000,0,2,0,11
2.975000,0,1,0,19
2.977000,1,1,2,20
2.979000,0,3,0,16
2.981000,1,3,0,16
2.983000,0,2,0,18
2.985000,0,1,0,13
2.987000,0,0,0,13
2.989000,0,1,0,15
2.991000,0,1,0,18
2.993000,0,1,1,14
2.995000,0,0,0,13
2.997000,0,0,0,17
2.999000,3,1,0,9
3.001000,0,2,0,10
3.003000,0,0,1,9
3.005000,1,1,0,12
3.007000,0,2,0,15
3.009000,0,1,1,10
3.011000,0,1,0,13
3.013000,0,3,0,17
3.015000,0,0,1,9
3.017000,0,1,0,8
3.019000,0,0,0,15
3.021000,0,1,0,12
3.023000,2,2,0,8
3.025000,1,0,0,16
3.027000,1,1,0,12
3.029000,0,1,3,9
3.031000,1,0,0,15
3.033000,1,1,0,10
3.035000,0,2,0,13
3.037000,0,2,1,17
3.039000,0,1,0,17
3.041000,1,3,3,21
3.043000,1,0,0,20
3.045000,0,1,0,16
3.047000,0,1,1,13
3.049000,0,0,0,11
3.051000,1,1,0,13
3.053000,1,2,1,10
3.055000,1,1,0,11
3.057000,0,0,1,19
3.059000,0,1,1,11
3.061000,1,0,0,13
3.063000,0,1,0,17
3.065000,0,0,0,16
3.067000,1,1,1,14
3.069000,1,0,0,18
3.071000,1,0,0,5
3.073000,0,0,0,17
3.075000,0,0,1,8
3.077000,0,0,1,13
3.079000,0,1,0,15
3.081000,0,2,0,13
3.083000,0,0,1,9
3.085000,1,0,1,12
3.087000,0,2,0,14
3.089000,0,0,0,15
3.091000,1,2,0,9
3.093000,0,1,0,16
3.095000,1,1,0,11
3.097000,0,3,0,20
3.099000,0,1,1,12
3.101000,0,2,0,16
3.103000,1,1,1,14
3.105000,2,4,0,14
3.107000,2,1,0,20
3.109000,0,0,0,12
3.111000,2,2,0,12
3.113000,0,1,1,9
3.115000,0,2,0,18
3.117000,0,0,0,18
3.119000,0,1,0,13
3.121000,1,0,0,13
3.123000,0,2,0,12
3.125000,1,0,0,8
3.127000,1,1,0,12
3.129000,0,0,0,13
3.131000,0,1,0,10
3.133000,1,0,0,10
3.135000,0,1,0,19
3.137000,0,2,1,17
3.139000,0,0,0,7
3.141000,1,0,0,14
3.143000,0,0,0,15
3.145000,0,1,0,14
3.147000,0,1,0,16
3.149000,0,1,0,10
3.151000,0,0,0,11
3.153000,0,0,0,9
3.155000,1,1,0,15
3.157000,1,1,1,16
3.159000,0,1,0,9
3.161000,1,2,0,12
3.163000,1,1,0,10
3.165000,0,0,1,6
3.167000,0,0,0,9
3.169000,0,2,0,12
3.171000,0,1,0,12
3.173000,0,0,0,14
3.175000,0,2,0,20
3.177000,0,1,0,16
3.179000,0,0,0,15
3.181000,0,1,0,8
3.183000,1,0,0,17
3.185000,0,1,1,10
3.187000,0,0,0,21
3.189000,0,1,1,13
3.191000,0,0,0,8
3.193000,0,2,1,11
3.195000,0,0,0,10
3.197000,0,1,2,18
3.199000,0,0,0,13
3.201000,0,0,0,13
3.203000,1,2,0,9
3.205000,0,0,0,9
3.207000,0,1,0,9
3.209000,1,0,0,14
3.211000,0,0,0,13
3.213000,0,2,0,17
3.215000,1,0,0,12
3.217000,0,3,0,13
3.219000,1,1,0,10
3.221000,0,0,0,15
3.223000,0,2,0,6
3.225000,1,0,0,11
3.227000,0,0,1,8
3.229000,0,0,0,13
3.231000,1,1,1,7
3.233000,1,1,0,11
3.235000,0,1,0,9
3.237000,0,3,0,17
3.239000,0,1,0,11
3.241000,0,1,0,9
3.243000,0,1,0,12
3.245000,1,1,0,9
3.247000,0,1,1,10
3.249000,0,1,0,6
3.251000,1,2,0,13
3.253000,0,3,0,6
3.255000,0,0,1,17
3.257000,0,2,1,9
3.259000,1,1,0,10
3.261000,1,2,0,8
3.263000,0,0,0,15
3.265000,0,0,0,8
3.267000,0,1,0,9
3.269000,0,0,1,11
3.271000,1,2,0,12
3.273000,0,1,0,5
3.275000,3,0,0,10
3.277000,1,0,0,9
3.279000,0,0,0,12
3.281000,0,2,0,9
3.283000,0,1,0,15
3.285000,0,0,0,4
3.287000,1,0,0,15
3.289000,0,0,0,13
3.291000,0,0,0,9
3.293000,0,1,0,8
3.295000,0,0,0,5
3.297000,0,0,0,11
3.299000,0,0,0,9
3.301000,0,0,1,9
3.303000,0,0,0,11
3.305000,0,1,0,7
3.307000,1,0,0,11
3.309000,0,2,0,8
3.311000,0,0,0,6
3.313000,0,1,0,16
3.315000,0,2,1,12
3.317000,0,0,0,13
3.319000,0,1,0,15
3.321000,0,2,0,14
3.323000,0,0,0,9
3.325000,0,0,0,6
3.327000,0,0,2,7
3.329000,0,1,1,7
3.331000,0,1,0,9
3.333000,0,0,0,13
3.335000,0,1,1,8
3.337000,0,1,0,10
3.339000,0,0,0,18
3.341000,0,1,0,9
3.343000,0,1,0,9
3.345000,0,0,0,10
3.347000,0,1,1,5
3.349000,1,1,0,5
3.351000,0,0,0,8
3.353000,0,1,0,14
3.355000,0,1,0,8
3.357000,0,0,0,8
3.359000,0,1,0,8
3.361000,0,1,0,13
3.363000,2,0,0,11
3.365000,1,1,0,13
3.367000,0,0,0,9
3.369000,1,0,0,9
3.371000,0,1,1,8
3.373000,1,3,0,8
3.375000,0,1,1,7
3.377000,1,1,0,9
3.379000,0,0,0,9
3.381000,0,0,0,9
3.383000,0,0,0,13
3.385000,0,0,0,8
3.387000,0,2,0,10
3.389000,0,0,0,5
3.391000,0,0,0,7
3.393000,0,0,0,6
3.395000,0,0,0,13
3.397000,0,1,0,8
3.399000,0,1,1,3
3.401000,0,2,1,7
3.403000,1,1,0,8
3.405000,0,0,0,15
3.407000,0,1,0,7
3.409000,0,0,0,9
3.411000,0,1,0,12
3.413000,0,0,0,9
3.415000,0,0,0,10
3.417000,0,0,2,14
3.419000,1,1,0,11
3.421000,0,1,2,12
3.423000,0,0,0,6
3.425000,0,1,0,13
3.427000,0,0,0,9
3.429000,1,2,1,10
3.431000,0,0,0,12
3.433000,0,0,0,6
3.435000,1,1,0,11
3.437000,1,0,0,10
3.439000,0,1,0,9
3.441000,2,3,0,11
3.443000,0,0,0,6
3.445000,3,2,0,11
3.447000,1,0,1,8
3.449000,0,0,0,6
3.451000,0,0,0,9
3.453000,0,1,1,7
3.455000,0,1,0,4
3.457000,0,2,0,9
3.459000,0,1,0,8
3.461000,0,1,0,5
3.463000,0,0,0,15
3.465000,0,0,0,4
3.467000,0,0,0,14
3.469000,0,0,0,10
3.471000,0,0,0,8
3.473000,0,0,0,7
3.475000,0,1,0,6
3.477000,0,0,0,5
3.479000,0,0,1,11
3.481000,0,1,0,10
3.483000,0,0,0,7
3.485000,1,0,0,6
3.487000,0,1,0,7
3.489000,1,0,0,12
3.491000,0,0,0,7
3.493000,0,1,0,7
3.495000,1,1,0,6
3.497000,0,0,0,16
3.499000,0,0,0,7
3.501000,0,0,0,5
3.503000,0,0,0,6
3.505000,0,1,0,11
3.507000,1,0,0,10
3.509000,1,0,0,8
3.511000,0,0,0,8
3.513000,1,0,0,11
3.515000,0,0,0,8
3.517000,1,0,0,11
3.519000,1,0,0,1
3.521000,0,0,0,17
3.523000,0,2,0,8
3.525000,0,1,0,8
3.527000,0,0,0,10
3.529000,0,0,0,8
3.531000,0,0,0,10
3.533000,0,2,0,7
3.535000,0,1,0,7
3.537000,1,0,0,8
3.539000,1,0,1,10
3.541000,0,0,0,7
3.543000,0,0,0,7
3.545000,0,1,0,6
3.547000,2,0,1,15
3.549000,0,0,0,5
3.551000,1,1,1,8
3.553000,0,1,0,8
3.555000,0,0,0,5
3.557000,2,1,0,2
3.559000,0,2,0,16
3.561000,1,0,1,12
3.563000,1,0,0,8
3.565000,1,1,0,5
3.567000,0,0,0,9
3.569000,2,3,0,7
3.571000,0,1,0,9
3.573000,0,0,0,5
3.575000,0,0,0,7
3.577000,1,0,1,11
3.579000,0,1,0,16
3.581000,0,0,0,9
3.583000,1,0,0,11
3.585000,0,2,0,13
3.587000,0,1,0,12
3.589000,1,1,1,6
3.591000,2,0,0,9
3.593000,0,0,0,8
3.595000,0,0,0,9
3.597000,1,1,0,6
3.599000,0,0,0,5
3.601000,1,1,0,8
3.603000,0,1,2,11
3.605000,1,1,0,9
3.607000,0,0,0,7
3.609000,0,0,0,11
3.611000,0,0,0,5
3.613000,1,1,0,5
3.615000,0,0,0,6
3.617000,0,1,0,9
3.619000,0,1,0,7
3.621000,0,2,0,8
3.623000,1,0,0,9
3.625000,1,1,0,10
3.627000,1,0,1,7
3.629000,0,0,0,7
3.631000,0,0,0,12
3.633000,0,0,0,9
3.635000,0,1,0,8
3.637000,1,1,0,9
3.639000,1,1,0,3
3.641000,0,0,0,6
3.643000,0,1,0,9
3.645000,2,0,0,14
3.647000,0,0,0,2
3.649000,0,0,0,9
3.651000,0,1,0,7
3.653000,0,0,0,10
3.655000,0,0,0,8
3.657000,0,1,0,7
3.659000,0,0,0,9
3.661000,0,2,0,8
3.663000,0,0,0,6
3.665000,0,1,0,3
3.667000,0,0,1,9
3.669000,0,0,0,9
3.671000,0,1,0,12
3.673000,0,0,0,8
3.675000,0,0,0,12
3.677000,2,1,0,8
3.679000,2,0,0,6
3.681000,0,0,0,5
3.683000,0,3,0,13
3.685000,0,1,0,3
3.687000,0,2,0,9
3.689000,0,1,0,4
3.691000,0,1,0,8
3.693000,0,0,1,10
3.695000,0,0,0,8
3.697000,0,0,0,10
3.699000,0,0,0,13
3.701000,0,2,0,10
3.703000,1,0,0,8
3.705000,0,0,0,4
3.707000,1,0,2,11
3.709000,0,2,0,7
3.711000,0,1,0,6
3.713000,0,0,0,3
3.715000,0,0,1,11
3.717000,0,0,0,15
3.719000,1,0,0,8
3.721000,0,0,0,5
3.723000,1,1,0,5
3.725000,0,2,0,10
3.727000,0,2,0,7
3.729000,0,1,1,11
3.731000,0,0,1,5
3.733000,0,0,0,8
3.735000,0,1,0,7
3.737000,0,1,0,8
3.739000,0,1,0,7
3.741000,0,2,0,6
3.743000,1,2,2,5
3.745000,0,0,0,9
3.747000,0,4,1,7
3.749000,0,0,0,10
3.751000,1,0,0,4
3.753000,0,2,0,5
3.755000,0,0,0,7
3.757000,1,0,0,4
3.759000,1,0,0,9
3.761000,0,0,0,4
3.763000,0,1,0,10
3.765000,0,0,0,4
3.767000,0,0,0,11
3.769000,0,0,0,13
3.771000,0,0,0,9
3.773000,0,0,0,7
3.775000,1,0,1,7
3.777000,0,0,0,6
3.779000,0,1,0,6
3.781000,0,1,0,10
3.783000,0,1,0,5
3.785000,1,0,0,5
3.787000,0,0,0,9
3.789000,0,0,0,10
3.791000,0,0,0,10
3.793000,0,0,0,9
3.795000,0,0,0,6
3.797000,0,0,0,7
3.799000,0,1,1,4
3.801000,0,1,0,6
3.803000,0,0,0,4
3.805000,0,0,0,11
3.807000,0,1,0,5
3.809000,0,0,0,6
3.811000,1,0,0,7
3.813000,1,0,0,4
3.815000,0,0,1,10
3.817000,0,0,0,6
3.819000,0,1,0,6
3.821000,0,0,0,9
3.823000,0,0,0,2
3.825000,0,0,0,6
3.827000,0,0,0,7
3.829000,0,1,0,13
3.831000,0,0,0,7
3.833000,1,0,0,3
3.835000,0,1,0,11
3.837000,0,0,0,4
3.839000,0,0,0,7
3.841000,1,0,0,11
3.843000,2,2,0,8
3.845000,0,0,0,5
3.847000,0,1,0,6
3.849000,0,2,0,5
3.851000,0,1,0,10
3.853000,0,2,0,5
3.855000,1,0,0,5
3.857000,0,1,0,6
3.859000,1,0,1,7
3.861000,0,1,0,8
3.863000,1,1,0,7
3.865000,0,1,0,3
3.867000,0,1,0,7
3.869000,0,0,0,8
3.871000,0,1,0,10
3.873000,0,0,0,5
3.875000,0,0,0,4
3.877000,0,1,0,7
3.879000,0,0,0,10
3.881000,0,0,0,5
3.883000,0,0,0,7
3.885000,1,2,0,7
3.887000,0,1,0,9
3.889000,0,0,0,9
3.891000,0,0,0,5
3.893000,0,0,0,6
3.895000,0,1,0,5
3.897000,1,0,2,10
3.899000,0,0,0,4
3.901000,2,0,0,12
3.903000,1,0,0,8
3.905000,2,1,0,8
3.907000,0,1,0,7
3.909000,1,0,1,6
3.911000,0,0,0,2
3.913000,0,0,0,12
3.915000,0,1,0,9
3.917000,0,0,0,10
3.919000,0,0,0,5
3.921000,0,0,0,9
3.923000,1,0,0,4
3.925000,0,0,0,5
3.927000,1,0,0,5
3.929000,0,1,0,7
3.931000,0,0,0,12
3.933000,0,2,0,7
3.935000,0,2,0,11
3.937000,1,1,0,11
3.939000,0,0,0,8
3.941000,0,0,0,6
3.943000,0,1,0,6
3.945000,0,0,0,4
3.947000,0,1,0,4
3.949000,0,1,0,5
3.951000,0,0,0,5
3.953000,0,0,0,7
3.955000,0,1,0,5
3.957000,0,0,0,10
3.959000,0,0,0,10
3.961000,0,0,1,5
3.963000,0,0,0,8
3.965000,0,0,0,10
3.967000,1,1,0,3
3.969000,0,0,0,3
3.971000,1,1,0,7
3.973000,0,0,0,3
3.975000,0,0,0,7
3.977000,0,0,0,9
3.979000,0,0,1,5
3.981000,0,0,0,3
3.983000,0,0,1,6
3.985000,0,0,0,5
3.987000,0,0,0,6
3.989000,0,0,0,6
3.991000,0,0,0,3
3.993000,0,0,0,5
3.995000,0,0,0,13
3.997000,0,1,1,5
3.999000,0,0,0,7
4.001000,1,1,1,13
4.003000,0,0,0,9
4.005000,0,0,0,3
4.007000,0,0,0,7
4.009000,1,0,0,2
4.011000,0,2,0,5
4.013000,0,0,0,5
4.015000,0,0,0,8
4.017000,0,0,0,2
4.019000,0,0,0,5
4.021000,0,0,1,4
4.023000,0,1,0,8
4.025000,0,1,0,7
4.027000,1,0,0,8
4.029000,1,0,0,8
4.031000,1,0,0,5
4.033000,0,0,0,10
4.035000,0,2,0,6
4.037000,1,0,0,3
4.039000,0,3,0,10
4.041000,0,2,0,10
4.043000,0,0,0,10
4.045000,0,2,0,6
4.047000,1,1,0,5
4.049000,0,0,0,7
4.051000,0,0,0,5
4.053000,0,0,0,6
4.055000,0,0,0,5
4.057000,0,1,0,8
4.059000,0,1,0,13
4.061000,0,1,0,3
4.063000,0,0,0,5
4.065000,1,0,0,7
4.067000,1,0,0,5
4.069000,0,2,1,4
4.071000,0,0,0,8
4.073000,1,0,0,9
4.075000,0,0,0,1
4.077000,0,0,0,7
4.079000,0,0,0,6
4.081000,0,0,0,4
4.083000,0,1,0,5
4.085000,0,1,0,4
4.087000,0,0,0,8
4.089000,1,0,0,5
4.091000,0,1,0,2
4.093000,0,2,0,6
4.095000,1,1,0,3
4.097000,0,0,0,3
4.099000,0,1,0,8
4.101000,0,0,0,7
4.103000,0,0,0,6
4.105000,1,0,0,6
4.107000,0,0,0,7
4.109000,0,1,0,8
4.111000,2,1,0,9
4.113000,0,2,0,6
4.115000,0,0,0,4
4.117000,0,0,0,4
4.119000,0,0,0,5
4.121000,0,0,1,5
4.123000,0,0,0,8
4.125000,0,0,0,6
4.127000,0,1,0,8
4.129000,0,0,0,4
4.131000,0,0,0,4
4.133000,0,0,0,2
4.135000,0,1,0,6
4.137000,0,0,0,7
4.139000,1,0,0,6
4.141000,0,0,0,6
4.143000,1,0,0,4
4.145000,1,0,0,3
4.147000,0,2,0,9
4.149000,0,2,0,2
4.151000,0,1,0,3
4.153000,1,1,0,9
4.155000,0,2,0,5
4.157000,0,0,0,7
4.159000,0,0,0,9
4.161000,0,0,0,4
4.163000,1,0,0,6
4.165000,0,1,0,6
4.167000,0,0,0,5
4.169000,0,0,0,9
4.171000,0,0,0,7
4.173000,0,1,0,3
4.175000,0,0,0,8
4.177000,0,0,0,6
4.179000,0,1,0,5
4.181000,0,0,0,4
4.183000,2,1,1,1
4.185000,0,0,0,2
4.187000,0,0,0,6
4.189000,0,0,0,6
4.191000,0,1,0,6
4.193000,0,1,1,3
4.195000,0,1,0,5
4.197000,0,0,0,8
4.199000,0,0,0,6
4.201000,0,1,0,5
4.203000,0,1,0,2
4.205000,0,0,0,7
4.207000,0,0,0,5
4.209000,0,0,0,6
4.211000,0,0,0,7
4.213000,0,0,1,8
4.215000,1,2,0,4
4.217000,0,1,0,7
4.219000,0,1,0,5
4.221000,0,1,0,4
4.223000,1,0,1,6
4.225000,1,0,0,7
4.227000,0,0,0,5
4.229000,0,1,0,6
4.231000,0,1,0,3
4.233000,0,0,0,6
4.235000,0,1,0,6
4.237000,0,1,0,7
4.239000,0,0,0,6
4.241000,1,0,0,4
4.243000,0,0,0,6
4.245000,2,2,0,4
4.247000,0,0,0,5
4.249000,0,0,0,5
4.251000,0,0,0,6
4.253000,0,0,0,5
4.255000,0,1,0,3
4.257000,0,1,0,6
4.259000,0,0,0,6
4.261000,0,3,0,7
4.263000,0,1,0,4
4.265000,0,0,0,8
4.267000,0,1,0,6
4.269000,0,0,0,4
4.271000,0,0,0,5
4.273000,0,0,0,7
4.275000,0,0,0,5
4.277000,0,0,0,4
4.279000,0,0,0,1
4.281000,0,1,0,4
4.283000,0,0,0,5
4.285000,1,0,0,6
4.287000,0,0,0,4
4.289000,0,0,0,2
4.291000,0,0,0,1
4.293000,0,0,0,8
4.295000,0,1,0,4
4.297000,0,0,0,4
4.299000,0,1,0,8
4.301000,0,1,0,3
4.303000,0,0,0,6
4.305000,0,0,0,2
4.307000,0,0,1,5
4.309000,0,1,0,4
4.311000,1,0,0,2
4.313000,0,0,0,5
4.315000,0,1,1,5
4.317000,0,0,0,5
4.319000,0,2,0,3
4.321000,1,0,0,4
4.323000,0,1,0,6
4.325000,0,1,0,7
4.327000,0,0,0,4
4.329000,0,0,0,4
4.331000,0,0,0,6
4.333000,0,0,0,2
4.335000,1,1,0,3
4.337000,0,1,0,2
4.339000,0,1,0,7
4.341000,0,1,0,4
4.343000,0,0,1,6
4.345000,0,0,0,5
4.347000,0,1,0,5
4.349000,0,0,1,5
4.351000,0,0,0,4
4.353000,0,0,0,5
4.355000,0,2,0,3
4.357000,0,0,1,4
4.359000,0,0,0,4
4.361000,0,0,0,4
4.363000,0,0,0,3
4.365000,0,0,0,4
4.367000,0,0,0,4
4.369000,1,0,0,2
4.371000,0,1,0,3
4.373000,0,1,0,2
4.375000,0,0,0,5
4.377000,0,1,0,5
4.379000,0,0,0,1
4.381000,0,1,0,4
4.383000,0,1,0,3
4.385000,0,0,0,1
4.387000,0,0,0,7
4.389000,0,0,0,3
4.391000,0,2,0,3
4.393000,1,0,0,7
4.395000,0,0,1,6
4.397000,0,0,0,5
4.399000,0,0,0,5
4.401000,0,0,0,6
4.403000,0,0,0,7
4.405000,0,0,1,3
4.407000,0,0,0,3
4.409000,0,0,0,3
4.411000,0,0,0,6
4.413000,0,0,0,4
4.415000,0,1,0,5
4.417000,0,2,0,5
4.419000,0,0,0,4
4.421000,0,0,0,7
4.423000,0,0,0,4
4.425000,0,0,0,6
4.427000,0,0,0,5
4.429000,0,0,0,1
4.431000,0,1,0,5
4.433000,0,2,0,2
4.435000,0,0,0,5
4.437000,0,1,0,5
4.439000,0,1,0,8
4.441000,0,0,0,2
4.443000,0,1,0,9
4.445000,0,0,0,6
4.447000,1,0,0,6
4.449000,0,1,0,3
4.451000,1,0,1,4
4.453000,0,1,0,6
4.455000,0,1,0,6
4.457000,0,0,0,5
4.459000,0,0,0,12
4.461000,0,0,0,3
4.463000,0,0,0,7
4.465000,0,1,0,5
4.467000,0,0,0,4
4.469000,1,0,1,3
4.471000,0,1,0,5
4.473000,0,0,0,6
4.475000,0,0,0,7
4.477000,1,0,0,6
4.479000,1,2,2,10
4.481000,0,0,0,3
4.483000,0,1,0,5
4.485000,0,0,0,3
4.487000,0,1,0,7
4.489000,0,1,0,6
4.491000,0,0,0,4
4.493000,0,2,1,5
4.495000,0,1,0,2
4.497000,2,0,1,2
4.499000,0,0,0,4
4.501000,1,0,0,3
4.503000,0,0,0,4
4.505000,0,0,0,0
4.507000,0,0,0,2
4.509000,0,0,0,7
4.511000,0,0,0,3
4.513000,1,0,0,2
4.515000,0,0,0,2
4.517000,0,0,0,3
4.519000,0,1,0,4
4.521000,0,1,0,5
4.523000,0,0,1,1
4.525000,0,0,0,3
4.527000,0,0,0,4
4.529000,0,0,0,3
4.531000,0,0,0,7
4.533000,0,1,0,3
4.535000,0,1,0,5
4.537000,0,2,0,4
4.539000,0,0,0,3
4.541000,0,0,0,2
4.543000,0,0,1,7
4.545000,0,2,0,3
4.547000,0,1,0,6
4.549000,1,0,0,6
4.551000,0,2,1,4
4.553000,0,0,2,1
4.555000,0,1,0,2
4.557000,0,1,0,3
4.559000,0,0,0,3
4.561000,0,0,0,11
4.563000,0,0,1,3
4.565000,0,0,0,6
4.567000,0,2,1,4
4.569000,0,0,0,4
4.571000,0,0,0,5
4.573000,0,0,0,8
4.575000,0,2,0,4
4.577000,0,0,0,3
4.579000,0,0,0,4
4.581000,0,1,0,3
4.583000,1,1,1,3
4.585000,0,1,0,6
4.587000,0,0,0,0
4.589000,0,0,0,2
4.591000,0,0,0,6
4.593000,0,1,0,3
4.595000,0,0,0,4
4.597000,0,1,0,4
4.599000,0,0,0,5
4.601000,0,0,0,5
4.603000,0,1,0,5
4.605000,2,1,0,4
4.607000,0,0,0,6
4.609000,0,0,0,5
4.611000,0,2,0,2
4.613000,0,0,0,3
4.615000,0,0,0,3
4.617000,1,1,1,4
4.619000,1,0,0,3
4.621000,0,0,0,2
4.623000,0,0,0,4
4.625000,0,0,0,4
4.627000,1,0,0,7
4.629000,0,0,0,4
4.631000,0,1,0,3
4.633000,0,0,0,4
4.635000,0,0,0,4
4.637000,0,0,0,9
4.639000,0,0,0,1
4.641000,0,0,0,2
4.643000,1,0,0,5
4.645000,0,0,0,5
4.647000,1,0,0,5
4.649000,0,0,0,2
4.651000,0,1,0,2
4.653000,0,0,0,1
4.655000,1,0,0,2
4.657000,0,0,0,8
4.659000,0,1,0,2
4.661000,0,1,0,3
4.663000,0,0,1,3
4.665000,0,0,0,6
4.667000,1,0,1,5
4.669000,0,0,0,4
4.671000,0,1,0,2
4.673000,1,1,0,2
4.675000,0,0,0,3
4.677000,0,0,1,2
4.679000,0,1,0,6
4.681000,0,0,0,4
4.683000,0,1,0,2
4.685000,0,0,0,1
4.687000,0,0,0,8
4.689000,0,1,0,3
4.691000,0,0,0,4
4.693000,0,0,0,2
4.695000,0,0,0,3
4.697000,1,1,0,1
4.699000,0,2,0,5
4.701000,0,1,0,3
4.703000,0,0,0,3
4.705000,1,0,0,3
4.707000,0,0,0,2
4.709000,0,0,0,1
4.711000,0,0,0,7
4.713000,0,0,0,3
4.715000,0,0,0,6
4.717000,1,0,0,6
4.719000,0,0,0,0
4.721000,0,0,0,1
4.723000,0,0,0,5
4.725000,0,0,0,0
4.727000,0,1,0,5
4.729000,0,1,0,3
4.731000,0,1,0,5
4.733000,1,0,0,3
4.735000,0,0,1,0
4.737000,0,0,0,4
4.739000,0,1,0,6
4.741000,0,0,0,5
4.743000,1,0,0,2
4.745000,0,0,0,1
4.747000,0,1,0,3
4.749000,1,0,0,5
4.751000,0,0,0,3
4.753000,0,0,1,4
4.755000,0,1,0,5
4.757000,0,0,0,5
4.759000,0,0,0,1
4.761000,0,1,0,4
4.763000,0,1,0,3
4.765000,0,0,0,5
4.767000,0,0,0,5
4.769000,0,0,0,6
4.771000,0,0,0,4
4.773000,0,1,0,2
4.775000,0,0,0,2
4.777000,0,0,0,2
4.779000,0,0,1,3
4.781000,0,0,0,2
4.783000,0,0,0,3
4.785000,0,1,0,4
4.787000,1,1,0,8
4.789000,0,0,0,5
4.791000,1,0,0,3
4.793000,0,0,0,3
4.795000,0,0,0,3
4.797000,0,0,0,3
4.799000,0,0,0,3
4.801000,0,0,0,2
4.803000,0,0,0,3
4.805000,0,0,0,4
4.807000,0,1,0,7
4.809000,0,1,0,3
4.811000,0,1,0,8
4.813000,0,0,0,4
4.815000,0,0,0,5
4.817000,0,0,0,3
4.819000,0,0,0,5
4.821000,0,0,0,1
4.823000,0,0,0,3
4.825000,0,0,0,5
4.827000,0,0,0,5
4.829000,0,0,0,3
4.831000,0,0,0,4
4.833000,0,0,0,3
4.835000,0,0,0,2
4.837000,0,0,0,2
4.839000,0,0,0,4
4.841000,0,0,0,9
4.843000,0,0,0,7
4.845000,0,0,0,1
4.847000,0,0,0,4
4.849000,0,0,0,4
4.851000,0,0,0,7
4.853000,1,0,0,2
4.855000,0,0,0,3
4.857000,0,0,0,3
4.859000,0,0,0,5
4.861000,0,0,0,7
4.863000,0,0,0,2
4.865000,0,0,0,3
4.867000,0,0,0,3
4.869000,0,0,0,3
4.871000,0,0,0,6
4.873000,0,0,0,1
4.875000,0,1,0,4
4.877000,0,0,0,2
4.879000,0,0,0,7
4.881000,0,0,0,5
4.883000,0,0,0,5
4.885000,0,0,0,1
4.887000,0,0,0,4
4.889000,0,0,0,4
4.891000,0,0,0,2
4.893000,0,0,1,1
4.895000,0,0,0,1
4.897000,0,0,0,3
4.899000,0,0,0,2
4.901000,0,0,0,2
4.903000,0,0,0,2
4.905000,1,0,1,6
4.907000,0,1,0,1
4.909000,0,0,0,4
4.911000,0,0,0,2
4.913000,0,0,0,0
4.915000,0,0,0,3
4.917000,0,0,0,1
4.919000,0,0,0,0
4.921000,0,0,0,4
4.923000,0,0,0,6
4.925000,0,0,0,5
4.927000,0,0,0,6
4.929000,0,0,0,3
4.931000,0,1,0,2
4.933000,0,0,0,4
4.935000,0,0,0,6
4.937000,0,0,0,3
4.939000,0,0,0,3
4.941000,0,0,0,3
4.943000,0,0,0,2
4.945000,0,0,0,5
4.947000,0,0,0,6
4.949000,1,0,0,1
4.951000,0,0,1,2
4.953000,0,0,0,3
4.955000,0,0,0,1
4.957000,0,1,0,3
4.959000,1,0,0,5
4.961000,0,0,0,3
4.963000,1,0,0,4
4.965000,0,0,0,3
4.967000,0,0,0,5
4.969000,0,0,0,1
4.971000,1,0,0,1
4.973000,0,0,0,5
4.975000,0,0,0,3
4.977000,0,0,0,2
4.979000,0,0,0,1
4.981000,0,0,0,2
4.983000,0,0,0,2
4.985000,0,0,0,1
4.987000,0,0,0,2
4.989000,0,0,0,4
4.991000,0,0,0,4
4.993000,0,0,0,1
4.995000,0,0,0,4
4.997000,0,0,0,4
4.999000,0,0,0,1
5.001000,0,0,0,7
5.003000,0,0,0,3
5.005000,0,0,0,2
5.007000,0,1,0,2
5.009000,0,0,0,2
5.011000,0,0,0,1
5.013000,0,0,0,2
5.015000,0,0,0,3
5.017000,0,0,0,3
5.019000,0,0,0,0
5.021000,0,0,0,3
5.023000,0,0,0,2
5.025000,0,0,0,6
5.027000,0,0,0,2
5.029000,0,0,0,2
5.031000,0,1,0,3
5.033000,0,0,0,3
5.035000,0,1,0,4
5.037000,0,0,0,1
5.039000,0,1,0,1
5.041000,0,1,0,3
5.043000,0,0,0,4
5.045000,0,0,0,3
5.047000,0,0,0,1
5.049000,0,1,0,2
5.051000,0,0,0,1
5.053000,0,0,0,2
5.055000,0,0,0,3
5.057000,0,1,1,3
5.059000,0,1,0,1
5.061000,0,0,0,2
5.063000,0,0,0,1
5.065000,0,0,0,7
5.067000,0,0,0,5
5.069000,0,0,2,1
5.071000,0,1,0,1
5.073000,0,0,0,1
5.075000,1,0,0,3
5.077000,0,0,0,3
5.079000,0,0,0,2
5.081000,0,1,0,3
5.083000,1,0,0,5
5.085000,0,1,0,5
5.087000,0,0,0,4
5.089000,0,0,0,5
5.091000,1,0,0,3
5.093000,0,0,0,5
5.095000,0,1,0,2
5.097000,0,0,0,6
5.099000,1,0,0,0
5.101000,0,1,0,3
5.103000,0,1,0,2
5.105000,0,0,0,7
5.107000,0,0,0,1
5.109000,0,0,0,7
5.111000,0,0,0,6
5.113000,1,0,0,2
5.115000,0,2,1,2
5.117000,1,1,0,2
5.119000,0,0,1,1
5.121000,0,0,0,1
5.123000,0,0,0,2
5.125000,0,1,0,2
5.127000,0,0,1,4
5.129000,0,0,0,3
5.131000,0,0,1,3
5.133000,0,0,0,2
5.135000,0,0,0,4
5.137000,0,1,0,3
5.139000,1,0,0,0
5.141000,2,1,1,3
5.143000,0,1,0,4
5.145000,0,0,0,0
5.147000,0,0,0,4
5.149000,0,0,0,1
5.151000,0,0,0,4
5.153000,0,0,0,3
5.155000,0,1,0,1
5.157000,0,0,0,2
5.159000,0,0,0,1
5.161000,0,0,0,2
5.163000,0,1,0,4
5.165000,1,0,0,3
5.167000,0,0,0,2
5.169000,0,0,0,6
5.171000,0,0,0,0
5.173000,0,0,0,3
5.175000,0,2,0,4
5.177000,0,0,0,4
5.179000,0,0,0,4
5.181000,0,0,0,5
5.183000,0,0,0,1
5.185000,0,0,0,1
5.187000,0,0,0,2
5.189000,0,0,0,2
5.191000,0,0,0,2
5.193000,0,0,0,2
5.195000,0,0,1,2
5.197000,0,0,0,4
5.199000,0,1,0,3
5.201000,1,0,0,1
5.203000,0,1,0,4
5.205000,0,0,0,5
5.207000,0,0,0,2
5.209000,0,0,0,5
5.211000,0,0,0,3
5.213000,1,0,0,4
5.215000,0,0,0,0
5.217000,0,0,0,3
5.219000,0,0,0,2
5.221000,0,0,0,0
5.223000,0,1,0,1
5.225000,0,0,0,1
5.227000,0,0,0,3
5.229000,0,1,0,3
5.231000,0,0,0,0
5.233000,0,0,0,3
5.235000,0,0,0,2
5.237000,0,0,1,3
5.239000,0,0,0,1
5.241000,0,0,0,2
5.243000,1,0,0,3
5.245000,0,0,0,4
5.247000,0,0,0,1
5.249000,0,1,0,2
5.251000,0,1,0,2
5.253000,1,0,0,3
5.255000,0,0,0,4
5.257000,1,0,0,1
5.259000,0,0,0,1
5.261000,0,0,0,4
5.263000,0,0,0,2
5.265000,0,1,0,2
5.267000,0,0,0,0
5.269000,0,0,0,2
5.271000,0,0,0,4
5.273000,0,0,0,3
5.275000,0,0,0,2
5.277000,0,0,0,1
5.279000,0,0,0,2
5.281000,0,0,0,2
5.283000,0,0,1,3
5.285000,0,2,0,2
5.287000,0,0,0,1
5.289000,1,0,0,5
5.291000,0,1,0,3
5.293000,0,0,0,2
5.295000,0,0,0,3
5.297000,0,0,0,4
5.299000,0,1,0,0
5.301000,0,0,0,2
5.303000,0,0,0,3
5.305000,0,0,0,2
5.307000,0,1,0,1
5.309000,0,0,0,0
5.311000,0,0,0,3
5.313000,0,1,0,2
5.315000,0,0,0,3
5.317000,0,0,0,2
5.319000,1,0,0,5
5.321000,1,0,0,0
5.323000,0,0,1,10
5.325000,0,0,0,2
5.327000,0,0,0,3
5.329000,0,0,0,2
5.331000,0,0,0,3
5.333000,1,1,0,1
5.335000,0,0,0,5
5.337000,0,1,0,2
5.339000,0,0,0,2
5.341000,0,0,0,5
5.343000,0,1,0,0
5.345000,0,0,0,2
5.347000,0,0,0,2
5.349000,0,0,0,2
5.351000,0,0,0,1
5.353000,0,0,0,2
5.355000,1,0,0,3
5.357000,0,0,0,2
5.359000,1,0,0,1
5.361000,0,0,0,3
5.363000,0,0,0,1
5.365000,1,0,0,1
5.367000,0,0,0,0
5.369000,0,0,0,3
5.371000,0,0,0,6
5.373000,0,0,0,1
5.375000,0,0,0,2
5.377000,0,0,0,1
5.379000,0,1,0,2
5.381000,0,0,0,2
5.383000,0,0,0,2
5.385000,0,0,0,4
5.387000,0,0,0,2
5.389000,0,0,0,0
5.391000,0,0,0,3
5.393000,0,0,0,3
5.395000,0,0,0,5
5.397000,0,0,0,0
5.399000,0,0,0,6
5.401000,0,0,0,3
5.403000,0,1,0,1
5.405000,0,0,0,4
5.407000,1,0,0,1
5.409000,0,0,0,0
5.411000,0,0,0,0
5.413000,0,0,0,1
5.415000,0,0,0,2
5.417000,0,0,0,0
5.419000,0,0,0,2
5.421000,0,0,0,4
5.423000,0,0,0,1
5.425000,0,0,0,2
5.427000,0,0,0,0
5.429000,0,0,0,1
5.431000,0,0,0,1
5.433000,0,0,0,2
5.435000,0,0,0,0
5.437000,0,0,0,1
5.439000,0,0,0,0
5.441000,0,0,0,2
5.443000,0,0,0,4
5.445000,0,0,0,3
5.447000,0,0,0,0
5.449000,0,0,0,2
5.451000,0,0,0,3
5.453000,0,0,0,5
5.455000,0,0,0,0
5.457000,0,0,0,1
5.459000,0,0,0,2
5.461000,0,0,0,6
5.463000,0,0,0,2
5.465000,0,0,0,0
5.467000,0,0,0,4
5.469000,0,0,0,4
5.471000,0,0,0,4
5.473000,0,0,0,2
5.475000,0,0,0,0
5.477000,0,0,0,1
5.479000,2,0,0,1
5.481000,0,1,0,2
5.483000,0,0,0,1
5.485000,0,0,0,2
5.487000,0,0,0,3
5.489000,0,1,0,1
5.491000,1,0,0,0
5.493000,0,0,0,2
5.495000,0,0,0,1
5.497000,0,1,0,2
5.499000,1,0,0,2
5.501000,0,0,0,2
5.503000,0,1,0,0
5.505000,0,0,0,2
5.507000,0,0,0,1
5.509000,0,0,0,3
5.511000,0,0,0,2
5.513000,0,0,0,1
5.515000,0,0,0,0
5.517000,0,0,0,1
5.519000,0,0,0,1
5.521000,0,0,0,2
5.523000,0,0,0,4
5.525000,1,1,0,1
5.527000,0,0,0,1
5.529000,0,0,0,1
5.531000,1,0,0,1
5.533000,0,0,0,1
5.535000,0,0,0,1
5.537000,0,0,0,2
5.539000,0,0,0,1
5.541000,0,2,0,1
5.543000,0,0,0,2
5.545000,0,1,0,0
5.547000,1,1,0,2
5.549000,0,0,0,3
5.551000,0,0,0,1
5.553000,0,0,0,0
5.555000,0,0,0,0
5.557000,0,0,0,0
5.559000,0,0,0,1
5.561000,1,0,0,0
5.563000,0,0,0,3
5.565000,1,0,0,2
5.567000,0,2,0,4
5.569000,0,0,0,1
5.571000,0,0,0,0
5.573000,0,0,0,2
5.575000,0,1,0,4
5.577000,0,1,0,1
5.579000,0,0,0,4
5.581000,0,0,0,2
5.583000,0,0,0,1
5.585000,0,0,0,1
5.587000,0,0,0,2
5.589000,0,0,0,1
5.591000,1,0,0,3
5.593000,0,0,0,1
5.595000,0,0,0,4
5.597000,0,0,0,0
5.599000,0,0,0,1
5.601000,0,0,0,2
5.603000,0,0,0,0
5.605000,0,0,0,2
5.607000,0,0,0,1
5.609000,0,0,0,1
5.611000,0,0,0,2
5.613000,0,0,0,1
5.615000,0,0,0,1
5.617000,0,0,0,0
5.619000,0,0,0,0
5.621000,0,0,0,1
5.623000,0,0,0,0
5.625000,0,0,0,2
5.627000,0,0,0,1
5.629000,0,1,0,1
5.631000,1,1,0,3
5.633000,0,0,0,2
5.635000,0,0,0,2
5.637000,0,0,0,0
5.639000,0,0,0,0
5.641000,0,0,0,1
5.643000,0,0,0,4
5.645000,0,0,0,0
5.647000,0,0,0,0
5.649000,0,0,0,4
5.651000,0,0,0,5
5.653000,0,0,0,1
5.655000,0,0,0,1
5.657000,0,0,0,1
5.659000,0,0,0,0
5.661000,0,0,0,1
5.663000,0,1,0,2
5.665000,0,0,0,1
5.667000,0,0,0,1
5.669000,0,0,0,5
5.671000,0,0,0,0
5.673000,0,0,0,2
5.675000,0,0,0,1
5.677000,0,0,0,0
5.679000,0,0,0,0
5.681000,0,0,0,0
5.683000,0,0,0,2
5.685000,0,0,0,1
5.687000,0,1,0,3
5.689000,0,0,0,1
5.691000,0,0,0,0
5.693000,0,0,0,5
5.695000,0,0,0,0
5.697000,0,0,1,2
5.699000,0,1,0,2
5.701000,0,0,0,2
5.703000,0,0,0,1
5.705000,0,0,0,1
5.707000,0,0,0,1
5.709000,1,0,0,1
5.711000,0,0,0,3
5.713000,0,1,0,1
5.715000,0,0,0,0
5.717000,0,0,0,4
5.719000,0,0,1,0
5.721000,0,0,0,2
5.723000,0,0,0,4
5.725000,0,0,0,1
5.727000,0,0,0,1
5.729000,0,0,0,1
5.731000,0,1,0,0
5.733000,0,0,0,1
5.735000,0,0,0,2
5.737000,0,1,0,0
5.739000,0,1,0,0
5.741000,0,0,0,0
5.743000,0,0,2,0
5.745000,0,0,1,0
5.747000,0,0,0,1
5.749000,0,0,2,1
5.751000,0,2,0,2
5.753000,0,0,0,1
5.755000,0,0,1,1
5.757000,0,0,0,1
5.759000,0,0,0,1
5.761000,1,0,0,4
5.763000,0,0,0,2
5.765000,0,0,0,2
5.767000,0,0,0,0
5.769000,0,0,0,2
5.771000,0,0,0,2
5.773000,0,0,0,0
5.775000,0,0,0,1
5.777000,0,0,0,0
5.779000,1,0,0,3
5.781000,0,1,0,1
5.783000,0,0,0,2
5.785000,0,0,0,3
5.787000,0,0,0,3
5.789000,0,0,0,1
5.791000,0,0,0,1
5.793000,0,0,0,1
5.795000,0,0,0,1
5.797000,0,0,0,2
5.799000,0,0,0,1
5.801000,0,0,0,3
5.803000,0,0,0,3
5.805000,0,0,0,4
5.807000,0,0,0,0
5.809000,0,2,0,1
5.811000,0,0,0,4
5.813000,0,0,1,1
5.815000,0,0,0,0
5.817000,0,0,0,0
5.819000,0,1,0,1
5.821000,0,0,0,3
5.823000,0,0,0,0
5.825000,1,0,0,0
5.827000,0,0,0,3
5.829000,0,0,0,2
5.831000,0,0,0,1
5.833000,0,1,0,3
5.835000,0,0,0,1
5.837000,0,0,0,3
5.839000,0,0,0,3
5.841000,0,0,0,1
5.843000,0,0,0,2
5.845000,0,0,0,2
5.847000,0,0,0,4
5.849000,0,0,0,3
5.851000,0,0,0,0
5.853000,0,0,0,1
5.855000,0,0,0,0
5.857000,0,0,0,1
5.859000,0,0,0,3
5.861000,0,1,0,1
5.863000,0,0,0,1
5.865000,0,0,0,1
5.867000,0,0,0,0
5.869000,0,0,0,4
5.871000,0,0,0,2
5.873000,0,1,0,0
5.875000,0,0,0,1
5.877000,0,0,0,0
5.879000,0,0,0,1
5.881000,0,0,0,2
5.883000,0,0,0,0
5.885000,0,0,0,0
5.887000,0,0,0,1
5.889000,0,0,0,1
5.891000,0,0,0,1
5.893000,0,0,0,3
5.895000,0,0,0,3
5.897000,0,0,0,0
5.899000,0,0,0,2
5.901000,0,0,0,2
5.903000,0,0,0,2
5.905000,0,0,0,1
5.907000,0,0,0,2
5.909000,0,0,0,0
5.911000,0,0,0,2
5.913000,0,0,0,3
5.915000,0,0,0,0
5.917000,0,0,0,2
5.919000,0,0,0,1
5.921000,0,0,0,2
5.923000,0,0,0,1
5.925000,0,0,0,3
5.927000,0,0,0,2
5.929000,0,0,0,1
5.931000,0,0,0,2
5.933000,0,0,0,3
5.935000,0,0,0,0
5.937000,0,0,1,3
5.939000,0,0,0,4
5.941000,0,0,0,3
5.943000,0,0,0,2
5.945000,0,0,0,3
5.947000,0,0,0,1
5.949000,0,0,0,1
5.951000,1,1,0,1
5.953000,0,0,0,1
5.955000,0,0,0,0
5.957000,0,1,0,3
5.959000,0,0,0,1
5.961000,0,0,0,1
5.963000,0,2,0,1
5.965000,0,0,0,0
5.967000,0,0,0,0
5.969000,0,0,0,3
5.971000,1,0,0,3
5.973000,0,0,0,1
5.975000,1,0,0,1
5.977000,1,0,0,1
5.979000,0,0,0,0
5.981000,0,0,0,0
5.983000,0,0,0,1
5.985000,0,0,0,3
5.987000,0,0,0,0
5.989000,0,1,0,1
5.991000,0,0,0,0
5.993000,0,0,0,3
5.995000,0,0,0,1
5.997000,0,0,0,0
5.999000,0,0,0,1
6.001000,0,0,0,0
6.003000,0,1,0,0
6.005000,0,0,0,0
6.007000,0,0,0,0
6.009000,0,0,0,1
6.011000,0,0,0,1
6.013000,0,1,0,1
6.015000,0,0,0,3
6.017000,0,0,0,1
6.019000,0,0,0,3
6.021000,0,0,0,0
6.023000,0,0,0,2
6.025000,0,0,0,3
6.027000,0,0,0,1
6.029000,0,0,0,1
6.031000,0,1,0,1
6.033000,0,0,0,2
6.035000,0,0,0,2
6.037000,0,0,0,2
6.039000,0,0,0,1
6.041000,0,1,0,3
6.043000,0,0,0,0
6.045000,0,0,0,2
6.047000,0,0,0,0
6.049000,0,0,0,0
6.051000,0,0,0,1
6.053000,0,0,0,0
6.055000,0,1,0,0
6.057000,0,0,0,1
6.059000,0,0,0,0
6.061000,0,0,0,2
6.063000,0,0,0,3
6.065000,0,0,0,1
6.067000,0,0,0,1
6.069000,0,0,0,0
6.071000,0,0,0,2
6.073000,0,0,0,1
6.075000,0,0,0,1
6.077000,0,0,0,0
6.079000,0,0,0,0
6.081000,0,0,0,4
6.083000,0,0,0,2
6.085000,1,0,0,1
6.087000,0,0,0,1
6.089000,0,0,0,1
6.091000,0,0,0,0
6.093000,0,0,0,1
6.095000,0,0,0,1
6.097000,0,1,0,3
6.099000,0,0,0,1
6.101000,0,0,0,1
6.103000,0,0,0,1
6.105000,0,0,0,1
6.107000,0,0,0,2
6.109000,0,0,0,4
6.111000,0,0,0,1
6.113000,0,0,0,0
6.115000,0,0,0,1
6.117000,0,0,0,0
6.119000,0,1,0,0
6.121000,1,0,0,0
6.123000,0,0,0,0
6.125000,0,1,0,1
6.127000,0,0,0,1
6.129000,0,0,0,0
6.131000,0,0,0,1
6.133000,0,0,0,2
6.135000,0,0,0,0
6.137000,0,0,0,0
6.139000,0,0,0,1
6.141000,0,0,0,0
6.143000,0,0,0,2
6.145000,0,0,0,1
6.147000,0,0,0,0
6.149000,0,0,0,0
6.151000,0,0,0,3
6.153000,0,0,0,0
6.155000,0,0,0,1
6.157000,0,0,0,0
6.159000,0,0,0,2
6.161000,0,0,0,2
6.163000,0,0,0,1
6.165000,0,0,0,0
6.167000,0,0,0,2
6.169000,0,0,0,2
6.171000,0,0,0,0
6.173000,0,0,0,1
6.175000,0,0,0,1
6.177000,0,0,0,0
6.179000,0,0,0,0
6.181000,0,0,0,1
6.183000,0,0,0,0
6.185000,0,0,0,0
6.187000,0,0,0,2
6.189000,0,0,0,1
6.191000,0,0,0,0
6.193000,0,0,0,1
6.195000,0,0,0,1
6.197000,0,0,0,0
6.199000,0,0,0,1
6.201000,0,0,0,3
6.203000,0,0,0,0
6.205000,0,0,0,0
6.207000,0,0,0,0
6.209000,0,0,0,1
6.211000,0,0,0,0
6.213000,0,0,0,0
6.215000,0,1,0,0
6.217000,0,0,0,1
6.219000,0,0,0,4
6.221000,0,0,0,2
6.223000,0,1,0,2
6.225000,0,0,0,1
6.227000,0,0,0,1
6.229000,0,0,0,2
6.231000,0,0,0,2
6.233000,0,0,0,1
6.235000,0,0,0,1
6.237000,0,0,0,2
6.239000,0,0,0,3
6.241000,0,0,0,3
6.243000,0,0,0,2
6.245000,0,0,0,0
6.247000,0,0,0,1
6.249000,0,0,0,0
6.251000,0,0,0,3
6.253000,1,0,0,1
6.255000,0,0,0,2
6.257000,0,1,0,0
6.259000,0,0,0,4
6.261000,0,0,0,1
6.263000,0,0,0,1
6.265000,0,0,0,1
6.267000,0,0,0,1
6.269000,0,1,0,2
6.271000,0,0,0,0
6.273000,0,0,1,0
6.275000,0,0,0,2
6.277000,0,0,0,1
6.279000,0,0,0,0
6.281000,0,0,0,4
6.283000,0,0,0,0
6.285000,0,0,0,0
6.287000,1,0,0,1
6.289000,0,0,0,0
6.291000,0,0,0,1
6.293000,0,0,0,2
6.295000,1,0,0,1
6.297000,0,0,0,1
6.299000,0,0,0,1
6.301000,0,0,0,3
6.303000,0,0,0,2
6.305000,0,0,0,0
6.307000,0,0,0,1
6.309000,0,0,0,2
6.311000,0,0,0,3
6.313000,0,0,0,0
6.315000,0,0,0,1
6.317000,0,0,0,0
6.319000,0,0,0,0
6.321000,0,0,0,1
6.323000,0,0,0,0
6.325000,0,0,0,0
6.327000,0,0,0,1
6.329000,0,0,0,0
6.331000,0,0,0,0
6.333000,0,0,0,1
6.335000,0,0,0,0
6.337000,0,0,0,0
6.339000,0,0,0,1
6.341000,0,0,0,0
6.343000,0,0,0,2
6.345000,0,0,0,0
6.347000,0,0,0,0
6.349000,0,0,0,0
6.351000,0,0,0,1
6.353000,0,0,0,0
6.355000,0,0,0,0
6.357000,0,0,0,0
6.359000,0,0,0,0
6.361000,0,0,0,0
6.363000,0,0,0,1
6.365000,1,0,0,0
6.367000,1,0,0,0
6.369000,0,0,0,1
6.371000,0,0,0,0
6.373000,0,0,0,0
6.375000,0,0,0,1
6.377000,0,0,0,0
6.379000,0,0,0,2
6.381000,0,0,0,1
6.383000,0,0,0,2
6.385000,0,0,0,2
6.387000,0,0,0,0
6.389000,1,0,0,1
6.391000,0,0,0,1
6.393000,0,0,0,4
6.395000,0,0,0,3
6.397000,0,0,0,0
6.399000,0,0,0,2
6.401000,0,0,0,2
6.403000,0,0,0,0
6.405000,0,0,0,1
6.407000,0,0,0,0
6.409000,0,0,0,1
6.411000,0,0,0,2
6.413000,0,0,0,1
6.415000,0,0,0,4
6.417000,0,0,0,0
6.419000,0,0,0,2
6.421000,0,0,0,0
6.423000,0,0,0,0
6.425000,0,0,0,3
6.427000,0,0,0,0
6.429000,1,0,0,1
6.431000,0,0,0,2
6.433000,0,0,0,2
6.435000,0,0,0,2
6.437000,0,0,1,1
6.439000,0,0,0,0
6.441000,0,0,0,2
6.443000,0,0,0,2
6.445000,0,0,0,1
6.447000,0,0,0,1
6.449000,0,0,0,0
6.451000,0,0,0,0
6.453000,0,0,0,0
6.455000,0,0,0,2
6.457000,0,0,0,0
6.459000,0,0,0,1
6.461000,0,0,0,1
6.463000,0,1,1,0
6.465000,0,0,0,0
6.467000,0,0,0,0
6.469000,0,0,0,1
6.471000,0,0,0,0
6.473000,0,0,0,0
6.475000,0,1,0,0
6.477000,0,0,0,0
6.479000,0,0,0,0
6.481000,0,0,0,0
6.483000,0,0,0,2
6.485000,0,0,0,0
6.487000,0,0,0,0
6.489000,0,1,0,0
6.491000,0,0,0,0
6.493000,0,0,0,1
6.495000,0,1,0,1
6.497000,0,0,0,0
6.499000,0,0,0,0
6.501000,0,1,0,1
6.503000,0,0,0,0
6.505000,0,0,0,0
6.507000,0,0,0,0
6.509000,0,0,1,1
6.511000,0,0,0,1
6.513000,0,0,0,2
6.515000,0,0,0,0
6.517000,0,0,0,0
6.519000,0,0,0,0
6.521000,0,0,0,1
6.523000,0,0,0,2
6.525000,0,0,0,1
6.527000,0,0,0,0
6.529000,0,0,0,0
6.531000,0,0,0,1
6.533000,0,0,0,2
6.535000,0,0,0,1
6.537000,0,0,0,2
6.539000,1,1,0,0
6.541000,0,0,0,0
6.543000,0,0,0,1
6.545000,0,0,0,1
6.547000,0,0,0,0
6.549000,0,0,0,1
6.551000,0,0,0,1
6.553000,0,1,0,0
6.555000,0,0,0,2
6.557000,0,0,0,2
6.559000,0,0,0,2
6.561000,0,1,0,0
6.563000,0,0,0,1
6.565000,0,0,0,1
6.567000,0,0,0,4
6.569000,0,0,0,0
6.571000,0,0,0,0
6.573000,0,0,0,0
6.575000,0,0,0,1
6.577000,0,0,0,1
6.579000,0,0,0,2
6.581000,0,0,0,0
6.583000,0,0,0,2
6.585000,0,0,0,0
6.587000,0,1,0,2
6.589000,0,0,0,0
6.591000,0,0,0,1
6.593000,0,0,0,0
6.595000,0,0,0,2
6.597000,0,0,0,1
6.599000,0,1,0,0
6.601000,1,0,0,2
6.603000,0,0,0,0
6.605000,0,0,0,2
6.607000,0,0,0,1
6.609000,0,0,0,0
6.611000,0,0,0,0
6.613000,0,0,0,1
6.615000,0,0,0,0
6.617000,0,1,0,0
6.619000,0,0,0,1
6.621000,0,0,0,0
6.623000,0,0,0,1
6.625000,0,0,0,0
6.627000,0,0,0,1
6.629000,0,0,0,3
6.631000,0,0,0,1
6.633000,0,0,0,0
6.635000,0,0,0,1
6.637000,0,0,0,2
6.639000,0,0,0,0
6.641000,0,0,0,1
6.643000,0,0,0,0
6.645000,0,0,0,0
6.647000,0,0,0,1
6.649000,0,0,0,0
6.651000,0,0,0,2
6.653000,0,0,0,0
6.655000,0,0,0,1
6.657000,0,0,0,0
6.659000,0,0,0,2
6.661000,0,0,0,1
6.663000,0,0,0,0
6.665000,0,0,0,0
6.667000,0,0,0,1
6.669000,0,0,0,0
6.671000,0,0,0,0
6.673000,0,0,0,2
6.675000,0,0,0,1
6.677000,0,0,0,1
6.679000,0,0,0,1
6.681000,0,0,0,1
6.683000,0,0,0,0
6.685000,0,1,0,0
6.687000,0,1,0,2
6.689000,0,0,0,0
6.691000,0,0,0,3
6.693000,0,0,0,0
6.695000,0,0,0,1
6.697000,0,0,0,0
6.699000,0,0,0,0
6.701000,0,0,0,2
6.703000,0,0,0,0
6.705000,0,0,0,2
6.707000,0,0,0,0
6.709000,0,0,0,0
6.711000,0,0,0,0
6.713000,0,0,0,0
6.715000,0,1,0,1
6.717000,0,0,0,0
6.719000,0,0,0,2
6.721000,0,0,0,0
6.723000,0,0,0,0
6.725000,0,0,1,0
6.727000,0,0,0,0
6.729000,1,0,0,2
6.731000,0,0,0,0
6.733000,0,0,0,1
6.735000,0,0,0,0
6.737000,0,0,0,0
6.739000,0,0,0,1
6.741000,0,0,0,0
6.743000,0,0,0,1
6.745000,0,0,0,0
6.747000,0,1,0,0
6.749000,0,0,0,1
6.751000,0,0,0,0
6.753000,0,0,0,2
6.755000,0,0,0,0
6.757000,0,0,0,1
6.759000,0,0,0,1
6.761000,0,0,0,0
6.763000,0,1,0,1
6.765000,0,0,0,0
6.767000,0,0,0,0
6.769000,0,0,0,0
6.771000,0,0,0,1
6.773000,0,0,0,0
6.775000,0,0,0,0
6.777000,0,0,0,1
6.779000,0,0,0,0
6.781000,0,0,0,0
6.783000,0,0,0,3
6.785000,0,0,0,1
6.787000,0,0,0,0
6.789000,0,0,0,0
6.791000,0,0,0,1
6.793000,0,0,0,0
6.795000,0,0,0,0
6.797000,0,0,0,1
6.799000,0,0,0,0
6.801000,0,0,0,1
6.803000,0,0,0,0
6.805000,0,0,0,0
6.807000,0,0,0,0
6.809000,0,0,0,0
6.811000,0,0,0,2
6.813000,0,0,0,0
6.815000,0,0,0,1
6.817000,0,0,0,1
6.819000,0,0,0,0
6.821000,0,0,0,1
6.823000,0,0,0,0
6.825000,0,0,0,1
6.827000,0,0,0,1
6.829000,0,0,0,0
6.831000,0,0,0,0
6.833000,0,1,0,1
6.835000,0,0,0,0
6.837000,0,0,0,0
6.839000,0,0,0,0
6.841000,0,0,0,2
6.843000,0,0,0,0
6.845000,0,0,0,1
6.847000,0,0,0,0
6.849000,0,0,0,0
6.851000,0,1,0,1
6.853000,0,0,0,0
6.855000,0,0,0,1
6.857000,0,0,0,0
6.859000,0,0,0,0
6.861000,0,0,0,1
6.863000,0,0,0,0
6.865000,0,0,0,0
6.867000,0,0,0,0
6.869000,0,0,0,1
6.871000,0,0,0,0
6.873000,0,0,0,0
6.875000,0,0,0,0
6.877000,0,0,0,1
6.879000,0,0,0,2
6.881000,0,0,0,2
6.883000,0,0,0,0
6.885000,0,0,0,0
6.887000,0,0,0,1
6.889000,0,0,0,1
6.891000,0,0,0,1
6.893000,0,0,0,0
6.895000,0,0,0,1
6.897000,0,0,0,0
6.899000,0,1,0,1
6.901000,0,0,0,0
6.903000,0,0,0,0
6.905000,0,0,0,0
6.907000,0,0,0,0
6.909000,0,0,0,0
6.911000,0,0,0,0
6.913000,0,0,0,0
6.915000,0,0,0,3
6.917000,0,0,0,2
6.919000,0,0,0,0
6.921000,0,0,0,0
6.923000,0,0,0,1
6.925000,0,0,0,0
6.927000,0,0,0,0
6.929000,0,0,0,1
6.931000,0,0,0,1
6.933000,0,0,0,0
6.935000,0,0,0,2
6.937000,0,0,0,1
6.939000,0,0,0,0
6.941000,0,0,0,1
6.943000,1,0,0,1
6.945000,0,0,1,0
6.947000,0,0,0,2
6.949000,0,0,0,1
6.951000,0,0,0,0
6.953000,0,0,0,0
6.955000,0,0,0,1
6.957000,0,0,0,0
6.959000,0,0,0,0
6.961000,0,0,0,1
6.963000,0,0,0,1
6.965000,0,0,0,0
6.967000,0,0,0,0
6.969000,0,0,0,0
6.971000,0,0,0,0
6.973000,0,0,0,0
6.975000,0,0,0,3
6.977000,0,0,0,0
6.979000,1,1,0,0
6.981000,0,0,0,1
6.983000,0,0,0,0
6.985000,0,0,0,0
6.987000,0,0,0,1
6.989000,0,0,0,0
6.991000,0,0,0,0
6.993000,0,0,0,0
6.995000,0,0,0,1
6.997000,0,0,0,0
6.999000,0,0,0,1
7.001000,0,0,0,2
7.003000,0,0,0,1
7.005000,0,0,0,2
7.007000,0,0,0,0
7.009000,0,1,0,0
7.011000,0,0,0,0
7.013000,0,0,0,0
7.015000,0,0,0,0
7.017000,0,0,0,0
7.019000,0,0,0,1
7.021000,0,0,0,1
7.023000,0,0,0,1
7.025000,0,0,0,0
7.027000,0,0,0,1
7.029000,0,1,0,1
7.031000,0,0,0,1
7.033000,0,0,0,0
7.035000,0,0,0,2
7.037000,0,0,0,0
7.039000,0,0,0,0
7.041000,1,0,0,0
7.043000,0,0,0,0
7.045000,0,0,0,1
7.047000,0,0,0,1
7.049000,0,0,0,0
7.051000,0,0,0,0
7.053000,0,0,0,0
7.055000,0,0,0,0
7.057000,0,0,0,0
7.059000,0,0,0,0
7.061000,0,0,0,1
7.063000,0,0,0,2
7.065000,0,0,0,1
7.067000,0,0,0,0
7.069000,0,0,0,1
7.071000,0,0,0,0
7.073000,0,0,0,1
7.075000,0,0,0,4
7.077000,0,0,0,0
7.079000,0,0,0,0
7.081000,0,0,0,0
7.083000,0,0,0,0
7.085000,0,0,0,0
7.087000,0,0,0,1
7.089000,0,0,0,1
7.091000,0,0,0,0
7.093000,0,0,0,1
7.095000,0,0,0,0
7.097000,0,0,0,0
7.099000,0,0,0,1
7.101000,0,0,0,0
7.103000,0,0,0,0
7.105000,0,0,0,0
7.107000,0,0,0,0
7.109000,0,0,0,0
7.111000,0,0,0,1
7.113000,0,0,0,0
7.115000,0,1,0,0
7.117000,1,0,0,0
7.119000,0,0,0,1
7.121000,0,0,0,1
7.123000,0,0,0,0
7.125000,0,0,0,0
7.127000,0,2,0,0
7.129000,0,0,0,1
7.131000,0,0,0,0
7.133000,0,0,0,1
7.135000,0,0,0,1
7.137000,0,0,0,0
7.139000,0,0,0,0
7.141000,0,0,0,0
7.143000,0,0,0,0
7.145000,0,0,0,0
7.147000,0,0,0,0
7.149000,0,0,0,0
7.151000,0,0,0,1
7.153000,0,0,0,2
7.155000,0,0,0,0
7.157000,0,0,0,1
7.159000,0,0,0,0
7.161000,0,0,0,1
7.163000,0,0,0,0
7.165000,0,0,0,1
7.167000,0,0,0,1
7.169000,0,0,0,1
7.171000,0,0,0,0
7.173000,0,0,0,0
7.175000,0,0,0,0
7.177000,0,0,0,0
7.179000,0,0,0,1
7.181000,0,0,0,1
7.183000,0,0,0,0
7.185000,0,0,0,1
7.187000,0,0,0,0
7.189000,0,0,0,0
7.191000,0,0,0,0
7.193000,0,0,0,0
7.195000,0,0,0,0
7.197000,0,0,0,1
7.199000,0,1,0,1
7.201000,0,0,0,0
7.203000,0,0,0,0
7.205000,0,0,0,1
7.207000,0,0,0,0
7.209000,0,0,0,0
7.211000,0,0,0,0
7.213000,0,0,0,0
7.215000,0,0,0,0
7.217000,0,0,0,1
7.219000,0,0,0,0
7.221000,0,0,0,0
7.223000,0,0,0,0
7.225000,0,0,0,0
7.227000,0,0,0,0
7.229000,0,0,0,0
7.231000,0,0,0,1
7.233000,0,0,0,0
7.235000,0,0,0,0
7.237000,0,0,0,1
7.239000,0,0,0,0
7.241000,0,0,0,1
7.243000,0,0,0,0
7.245000,0,0,0,1
7.247000,0,0,0,0
7.249000,0,0,0,0
7.251000,0,0,0,0
7.253000,1,0,0,1
7.255000,0,0,0,1
7.257000,0,0,0,1
7.259000,0,0,0,0
7.261000,0,0,0,0
7.263000,0,0,0,0
7.265000,0,0,1,0
7.267000,1,0,0,0
7.269000,0,0,0,2
7.271000,0,0,0,0
7.273000,0,0,0,0
7.275000,0,0,0,3
7.277000,0,0,0,0
7.279000,0,0,0,0
7.281000,0,0,0,0
7.283000,0,0,0,0
7.285000,0,0,0,1
7.287000,0,0,0,0
7.289000,0,0,0,0
7.291000,0,0,0,0
7.293000,0,0,0,0
7.295000,0,0,0,0
7.297000,0,0,0,0
7.299000,0,0,0,2
7.301000,0,0,0,1
7.303000,0,0,0,2
7.305000,0,0,0,1
7.307000,0,0,0,1
7.309000,0,0,0,0
7.311000,0,0,0,0
7.313000,0,1,0,0
7.315000,0,1,0,1
7.317000,0,0,0,1
7.319000,0,0,0,0
7.321000,0,0,0,0
7.323000,0,0,0,1
7.325000,0,0,0,0
7.327000,0,0,0,1
7.329000,0,0,0,0
7.331000,0,0,0,0
7.333000,0,0,0,0
7.335000,0,0,0,0
7.337000,0,0,0,1
7.339000,0,0,0,0
7.341000,0,0,0,1
7.343000,0,0,0,0
7.345000,0,0,0,1
7.347000,0,0,0,0
7.349000,0,0,0,1
7.351000,0,0,0,0
7.353000,0,0,0,0
7.355000,0,0,0,0
7.357000,0,0,0,0
7.359000,0,0,0,0
7.361000,0,0,0,0
7.363000,0,1,0,0
7.365000,0,0,0,0
7.367000,0,0,0,0
7.369000,0,0,0,1
7.371000,0,0,0,0
7.373000,0,0,0,0
7.375000,0,0,0,2
7.377000,0,0,0,0
7.379000,0,0,0,0
7.381000,0,0,0,1
7.383000,0,0,0,0
7.385000,0,0,0,0
7.387000,0,0,0,0
7.389000,0,0,0,1
7.391000,0,0,0,1
7.393000,0,0,0,0
7.395000,0,0,0,0
7.397000,0,0,0,0
7.399000,0,0,0,0
7.401000,0,0,0,0
7.403000,0,0,0,0
7.405000,0,0,0,0
7.407000,0,0,0,0
7.409000,0,0,0,0
7.411000,0,0,0,0
7.413000,0,0,0,0
7.415000,0,0,0,0
7.417000,0,0,0,0
7.419000,0,0,0,0
7.421000,0,0,0,0
7.423000,0,0,0,1
7.425000,0,0,0,0
7.427000,0,0,0,0
7.429000,0,0,0,1
7.431000,0,0,0,0
7.433000,0,1,0,0
7.435000,0,0,0,0
7.437000,0,0,0,0
7.439000,0,0,0,0
7.441000,0,0,0,0
7.443000,0,0,0,1
7.445000,0,0,0,0
7.447000,0,0,0,0
7.449000,0,0,0,0
7.451000,0,0,0,1
7.453000,0,0,0,0
7.455000,0,0,0,0
7.457000,0,0,0,0
7.459000,0,0,0,0
7.461000,0,0,0,0
7.463000,0,0,0,1
7.465000,0,0,0,0
7.467000,0,0,0,0
7.469000,0,0,0,1
7.471000,0,0,0,0
7.473000,0,0,0,0
7.475000,0,0,0,0
7.477000,0,0,0,0
7.479000,0,0,0,0
7.481000,0,1,0,0
7.483000,0,0,0,0
7.485000,0,0,0,0
7.487000,0,0,0,0
7.489000,0,0,0,0
7.491000,1,0,0,1
7.493000,0,0,0,1
7.495000,0,0,0,0
7.497000,0,0,0,0
7.499000,0,0,0,0
7.501000,0,0,0,1
7.503000,0,0,0,0
7.505000,0,1,0,0
7.507000,0,0,0,0
7.509000,0,0,0,1
7.511000,0,0,0,0
7.513000,0,0,0,1
7.515000,0,0,0,1
7.517000,0,0,0,1
7.519000,0,0,0,0
7.521000,0,0,0,0
7.523000,0,0,0,0
7.525000,0,0,0,0
7.527000,0,0,0,0
7.529000,0,0,0,1
7.531000,0,0,0,0
7.533000,0,0,0,1
7.535000,0,0,0,1
7.537000,0,0,0,0
7.539000,0,0,0,0
7.541000,0,0,0,0
7.543000,0,0,0,0
7.545000,0,0,0,1
7.547000,0,0,0,0
7.549000,0,0,0,0
7.551000,0,0,0,0
7.553000,0,0,0,0
7.555000,0,0,0,0
7.557000,0,0,0,1
7.559000,0,0,0,1
7.561000,0,0,0,1
7.563000,0,0,0,0
7.565000,0,0,0,1
7.567000,0,0,0,1
7.569000,0,0,0,0
7.571000,0,0,0,0
7.573000,0,0,0,0
7.575000,0,0,0,1
7.577000,0,0,0,0
7.579000,0,0,0,0
7.581000,0,0,0,0
7.583000,0,0,0,1
7.585000,0,0,0,0
7.587000,0,0,0,0
7.589000,0,0,0,0
7.591000,0,0,0,2
7.593000,0,0,0,0
7.595000,0,0,0,0
7.597000,0,0,0,0
7.599000,0,1,0,0
7.601000,0,0,0,0
7.603000,0,0,0,0
7.605000,0,0,0,0
7.607000,0,0,0,0
7.609000,0,0,0,1
7.611000,0,0,0,0
7.613000,0,0,0,0
7.615000,0,0,0,0
7.617000,0,0,0,0
7.619000,0,0,0,1
7.621000,0,0,0,0
7.623000,0,0,0,0
7.625000,0,0,0,0
7.627000,0,0,0,0
7.629000,0,0,0,0
7.631000,0,0,0,0
7.633000,0,0,0,1
7.635000,0,0,0,0
7.637000,0,0,0,0
7.639000,0,0,0,0
7.641000,0,0,1,0
7.643000,0,0,0,0
7.645000,0,0,0,1
7.647000,0,0,0,0
7.649000,0,0,0,0
7.651000,0,0,0,0
7.653000,0,0,0,0
7.655000,0,0,0,0
7.657000,0,0,0,1
7.659000,0,0,0,0
7.661000,0,0,0,0
7.663000,0,0,0,0
7.665000,0,0,0,0
7.667000,0,0,0,0
7.669000,0,0,0,0
7.671000,0,0,0,0
7.673000,0,0,0,1
7.675000,0,0,0,0
7.677000,0,0,0,1
7.679000,0,0,0,0
7.681000,0,0,0,0
7.683000,0,0,0,0
7.685000,0,0,0,0
7.687000,0,0,0,1
7.689000,0,0,0,0
7.691000,0,0,0,0
7.693000,0,0,0,0
7.695000,0,0,0,0
7.697000,0,0,0,0
7.699000,0,0,0,0
7.701000,0,0,0,0
7.703000,0,0,0,0
7.705000,0,0,0,1
7.707000,0,0,0,1
7.709000,0,0,0,0
7.711000,0,0,0,0
7.713000,0,0,0,0
7.715000,0,0,0,0
7.717000,0,0,0,0
7.719000,0,0,0,0
7.721000,0,0,0,0
7.723000,0,0,0,1
7.725000,0,0,0,0
7.727000,0,0,0,1
7.729000,0,0,0,0
7.731000,0,0,0,2
7.733000,0,0,0,0
7.735000,0,0,0,0
7.737000,0,0,0,0
7.739000,0,0,0,0
7.741000,0,0,0,0
7.743000,0,0,0,1
7.745000,0,1,0,0
7.747000,1,0,0,0
7.749000,0,0,0,0
7.751000,0,0,0,0
7.753000,0,0,0,0
7.755000,0,0,0,0
7.757000,0,0,0,0
7.759000,0,0,0,0
7.761000,0,0,1,1
7.763000,0,0,0,1
7.765000,0,0,0,0
7.767000,0,0,0,1
7.769000,0,0,0,0
7.771000,0,0,0,0
7.773000,0,0,0,0
7.775000,0,0,0,1
7.777000,0,0,0,0
7.779000,0,0,0,0
7.781000,0,0,0,0
7.783000,0,0,0,0
7.785000,0,0,0,0
7.787000,0,0,0,0
7.789000,0,0,0,0
7.791000,0,0,0,0
7.793000,0,0,0,0
7.795000,0,0,0,0
7.797000,0,0,0,1
7.799000,0,0,0,0
7.801000,0,0,0,1
7.803000,0,0,0,0
7.805000,0,0,0,0
7.807000,0,0,0,0
7.809000,0,0,0,0
7.811000,0,0,1,1
7.813000,0,0,0,0
7.815000,0,0,0,0
7.817000,0,0,0,1
7.819000,0,0,0,0
7.821000,0,0,0,0
7.823000,0,0,0,0
7.825000,0,0,0,0
7.827000,0,0,0,0
7.829000,0,0,0,1
7.831000,0,0,0,0
7.833000,0,0,0,0
7.835000,0,0,0,0
7.837000,0,0,0,0
7.839000,0,0,0,0
7.841000,0,0,0,1
7.843000,0,0,0,0
7.845000,0,0,0,0
7.847000,0,0,0,0
7.849000,0,0,0,0
7.851000,0,0,0,0
7.853000,0,0,0,0
7.855000,0,0,0,0
7.857000,0,0,0,0
7.859000,0,0,0,0
7.861000,1,0,0,0
7.863000,0,0,0,0
7.865000,0,0,0,0
7.867000,0,0,0,0
7.869000,0,0,0,0
7.871000,0,0,0,0
7.873000,0,0,0,0
7.875000,0,0,0,0
7.877000,0,0,0,0
7.879000,0,0,0,0
7.881000,0,0,0,0
7.883000,0,0,0,0
7.885000,0,0,0,0
7.887000,0,0,0,2
7.889000,0,0,0,1
7.891000,0,0,0,0
7.893000,0,0,0,0
7.895000,0,0,0,0
7.897000,0,0,0,0
7.899000,0,0,0,0
7.901000,0,0,0,0
7.903000,0,0,0,0
7.905000,0,0,0,0
7.907000,0,0,0,0
7.909000,0,0,0,1
7.911000,0,0,0,1
7.913000,0,0,0,0
7.915000,1,0,0,0
7.917000,0,0,0,0
7.919000,0,0,0,0
7.921000,0,0,0,0
7.923000,0,0,0,0
7.925000,0,0,0,0
7.927000,0,0,0,0
7.929000,0,0,0,0
7.931000,0,0,0,0
7.933000,0,0,0,0
7.935000,0,0,0,0
7.937000,0,0,0,0
7.939000,0,0,0,0
7.941000,0,0,0,0
7.943000,0,0,0,0
7.945000,0,0,0,1
7.947000,0,0,0,0
7.949000,0,0,0,0
7.951000,0,0,0,0
7.953000,0,0,0,0
7.955000,0,1,0,0
7.957000,0,0,0,0
7.959000,0,0,0,0
7.961000,0,0,0,0
7.963000,0,0,0,0
7.965000,0,0,0,0
7.967000,0,0,0,1
7.969000,0,0,0,0
7.971000,0,0,0,0
7.973000,0,0,0,0
7.975000,0,0,0,0
7.977000,0,0,0,0
7.979000,0,0,0,0
7.981000,0,0,0,0
7.983000,0,0,0,0
7.985000,0,0,0,0
7.987000,0,0,0,0
7.989000,0,0,0,1
7.991000,0,0,0,0
7.993000,0,0,0,0
7.995000,0,0,0,0
7.997000,0,0,0,0
7.999000,0,0,0,1
8.001000,0,0,0,0
8.003000,0,0,0,0
8.005000,0,0,0,0
8.007000,0,0,0,0
8.009000,0,0,0,0
8.011000,0,0,0,0
8.013000,0,0,0,1
8.015000,0,0,0,1
8.017000,0,0,0,1
8.019000,0,0,0,1
8.021000,0,0,0,0
8.023000,0,0,0,1
8.025000,0,0,0,0
8.027000,0,0,0,0
8.029000,0,1,0,0
8.031000,0,0,0,0
8.033000,0,0,0,0
8.035000,0,0,0,0
8.037000,0,0,0,0
8.039000,0,0,0,0
8.041000,0,0,0,0
8.043000,0,0,0,1
8.045000,0,0,0,0
8.047000,0,0,0,0
8.049000,0,0,0,0
8.051000,0,0,0,0
8.053000,0,0,0,0
8.055000,0,0,0,0
8.057000,0,0,0,0
8.059000,0,0,0,0
8.061000,0,0,0,0
8.063000,0,0,0,0
8.065000,0,0,0,0
8.067000,0,0,0,0
8.069000,0,0,0,0
8.071000,0,0,0,0
8.073000,0,0,0,0
8.075000,0,0,0,0
8.077000,0,0,0,0
8.079000,0,0,0,0
8.081000,0,0,0,0
8.083000,0,0,0,1
8.085000,0,0,0,0
8.087000,0,0,0,1
8.089000,0,0,0,0
8.091000,0,0,0,0
8.093000,0,0,0,0
8.095000,0,0,0,0
8.097000,0,0,0,0
8.099000,0,0,0,0
8.101000,0,0,0,0
8.103000,0,0,0,0
8.105000,0,0,0,0
8.107000,0,0,0,0
8.109000,0,0,0,0
8.111000,0,0,0,0
8.113000,0,0,0,0
8.115000,0,0,0,0
8.117000,0,0,0,0
8.119000,0,0,0,0
8.121000,0,0,0,0
8.123000,0,0,0,0
8.125000,0,0,0,0
8.127000,0,0,0,0
8.129000,0,0,0,0
8.131000,0,0,1,0
8.133000,0,0,0,0
8.135000,0,0,0,0
8.137000,0,0,0,0
8.139000,0,0,0,0
8.141000,0,0,0,0
8.143000,0,0,0,0
8.145000,0,0,0,0
8.147000,0,0,0,0
8.149000,0,0,0,0
8.151000,0,0,0,0
8.153000,0,0,0,0
8.155000,0,0,0,0
8.157000,0,0,0,0
8.159000,0,0,0,0
8.161000,0,0,0,0
8.163000,0,1,0,1
8.165000,0,0,0,0
8.167000,0,0,0,0
8.169000,0,0,0,0
8.171000,0,0,0,0
8.173000,0,0,0,0
8.175000,0,0,0,0
8.177000,0,0,0,0
8.179000,0,0,0,1
8.181000,0,0,0,0
8.183000,0,0,0,0
8.185000,0,0,0,0
8.187000,0,0,0,0
8.189000,0,0,0,0
8.191000,0,0,0,0
8.193000,0,0,0,0
8.195000,0,0,0,0
8.197000,0,0,0,0
8.199000,0,0,0,0
8.201000,0,0,0,0
8.203000,0,0,0,0
8.205000,0,0,0,0
8.207000,0,0,0,0
8.209000,0,0,0,0
8.211000,0,0,0,0
8.213000,0,0,0,0
8.215000,0,0,0,0
8.217000,0,0,0,0
8.219000,0,0,0,0
8.221000,0,0,0,0
8.223000,0,0,0,0
8.225000,0,0,0,0
8.227000,0,0,0,0
8.229000,0,0,0,0
8.231000,0,0,0,1
8.233000,0,0,0,0
8.235000,0,0,0,0
8.237000,0,0,0,0
8.239000,0,0,0,0
8.241000,0,0,0,0
8.243000,0,1,0,0
8.245000,0,0,0,0
8.247000,0,0,0,0
8.249000,0,0,0,0
8.251000,0,0,0,1
8.253000,0,0,0,0
8.255000,0,0,0,1
8.257000,0,0,0,0
8.259000,0,0,0,0
8.261000,0,0,0,0
8.263000,0,0,0,0
8.265000,0,0,0,0
8.267000,0,0,0,0
8.269000,0,0,0,0
8.271000,0,0,0,0
8.273000,0,0,0,1
8.275000,0,0,0,0
8.277000,0,0,0,0
8.279000,0,0,0,0
8.281000,0,0,0,0
8.283000,0,0,0,0
8.285000,0,0,0,0
8.287000,0,0,0,0
8.289000,0,0,0,1
8.291000,0,0,0,0
8.293000,0,0,0,0
8.295000,0,0,0,0
8.297000,0,0,0,0
8.299000,0,0,0,0
8.301000,0,0,0,0
8.303000,0,0,0,0
8.305000,0,0,0,0
8.307000,0,0,0,0
8.309000,0,0,0,0
8.311000,0,0,0,0
8.313000,0,0,0,1
8.315000,0,0,0,0
8.317000,0,0,0,0
8.319000,0,0,0,0
8.321000,0,0,0,0
8.323000,0,0,0,0
8.325000,0,0,0,0
8.327000,0,0,0,0
8.329000,0,0,0,0
8.331000,0,0,0,0
8.333000,0,0,0,0
8.335000,0,0,0,0
8.337000,0,0,0,0
8.339000,0,0,0,0
8.341000,0,0,0,0
8.343000,0,0,0,0
8.345000,0,0,0,0
8.347000,0,0,0,0
8.349000,0,0,0,0
8.351000,0,0,0,0
8.353000,0,0,0,0
8.355000,0,0,0,0
8.357000,0,0,0,0
8.359000,0,0,0,0
8.361000,0,0,0,0
8.363000,0,0,0,0
8.365000,0,0,0,0
8.367000,0,0,0,0
8.369000,0,0,0,1
8.371000,0,0,0,0
8.373000,0,0,0,0
8.375000,0,0,0,0
8.377000,0,0,0,1
8.379000,0,0,0,0
8.381000,0,0,0,0
8.383000,0,0,0,0
8.385000,0,0,0,0
8.387000,0,0,0,0
8.389000,0,0,0,0
8.391000,0,0,0,0
8.393000,0,0,0,0
8.395000,0,0,0,0
8.397000,0,0,0,0
8.399000,0,1,0,0
8.401000,0,0,0,0
8.403000,0,0,0,0
8.405000,0,0,0,0
8.407000,0,0,0,0
8.409000,0,0,0,0
8.411000,0,0,0,0
8.413000,0,1,0,0
8.415000,0,0,0,0
8.417000,0,0,0,0
8.419000,0,0,0,0
8.421000,0,0,0,0
8.423000,0,0,0,0
8.425000,0,0,0,0
8.427000,0,0,0,0
8.429000,0,0,0,0
8.431000,0,0,0,0
8.433000,0,0,0,0
8.435000,0,0,0,0
8.437000,0,0,0,0
8.439000,0,0,0,1
8.441000,0,0,0,0
8.443000,0,0,0,0
8.445000,0,0,0,0
8.447000,0,0,0,0
8.449000,0,0,0,0
8.451000,0,0,0,0
8.453000,0,0,0,0
8.455000,0,0,0,0
8.457000,0,0,0,0
8.459000,0,0,0,0
8.461000,0,0,0,0
8.463000,0,0,0,0
8.465000,0,0,0,0
8.467000,0,0,0,0
8.469000,0,0,0,0
8.471000,0,0,0,0
8.473000,0,0,0,0
8.475000,0,0,0,0
8.477000,0,0,0,0
8.479000,0,0,0,0
8.481000,0,0,0,0
8.483000,0,0,0,0
8.485000,0,0,0,0
8.487000,0,0,0,0
8.489000,0,0,0,0
8.491000,0,0,0,0
8.493000,0,0,0,0
8.495000,0,0,0,1
8.497000,0,0,0,0
8.499000,0,0,0,0
8.501000,0,0,0,0
8.503000,0,0,0,0
8.505000,0,0,0,0
8.507000,0,0,0,1
8.509000,0,0,0,0
8.511000,0,0,0,0
8.513000,0,0,0,0
8.515000,0,0,0,0
8.517000,0,0,0,0
8.519000,0,0,0,0
8.521000,0,0,0,0
8.523000,0,0,0,0
8.525000,0,0,0,0
8.527000,0,0,0,0
8.529000,0,0,0,0
8.531000,0,0,0,0
8.533000,0,0,0,0
8.535000,0,0,0,0
8.537000,0,0,0,0
8.539000,0,0,0,0
8.541000,0,0,0,0
8.543000,0,0,0,0
8.545000,0,0,0,0
8.547000,0,0,0,0
8.549000,0,0,0,0
8.551000,0,0,0,0
8.553000,0,0,0,0
8.555000,0,0,0,0
8.557000,0,0,0,0
8.559000,0,0,0,0
8.561000,0,0,0,0
8.563000,0,0,0,0
8.565000,0,0,0,0
8.567000,0,0,0,0
8.569000,0,0,0,1
8.571000,0,0,0,0
8.573000,0,0,0,0
8.575000,0,0,0,0
8.577000,0,0,1,0
8.579000,0,1,0,0
8.581000,0,0,0,0
8.583000,0,0,0,0
8.585000,0,0,0,0
8.587000,0,0,0,0
8.589000,0,0,0,0
8.591000,0,0,0,0
8.593000,0,0,0,0
8.595000,0,0,0,0
8.597000,0,0,0,0
8.599000,0,0,0,0
8.601000,0,0,0,1
8.603000,0,0,0,0
8.605000,0,0,0,0
8.607000,0,0,0,0
8.609000,0,0,0,0
8.611000,0,0,0,0
8.613000,0,0,0,0
8.615000,0,0,0,0
8.617000,0,0,0,0
8.619000,0,0,0,1
8.621000,0,0,0,0
8.623000,0,0,0,0
8.625000,0,0,0,0
8.627000,0,0,0,0
8.629000,0,0,0,0
8.631000,0,0,0,0
8.633000,0,0,0,0
8.635000,0,0,0,0
8.637000,0,0,0,1
8.639000,0,0,0,0
8.641000,0,0,0,0
8.643000,0,0,0,0
8.645000,0,0,0,0
8.647000,0,0,0,0
8.649000,0,0,0,0
8.651000,0,0,0,0
8.653000,0,0,0,0
8.655000,0,0,0,0
8.657000,0,0,0,0
8.659000,0,0,0,0
8.661000,0,0,0,0
8.663000,0,0,0,0
8.665000,0,0,0,0
8.667000,0,0,0,0
8.669000,0,0,0,0
8.671000,0,0,0,0
8.673000,0,0,0,0
8.675000,0,0,0,0
8.677000,0,0,0,1
8.679000,0,0,0,0
8.681000,0,0,0,0
8.683000,0,0,0,0
8.685000,0,0,0,0
8.687000,0,0,0,0
8.689000,0,0,0,0
8.691000,0,0,0,0
8.693000,0,0,0,0
8.695000,0,0,0,0
8.697000,0,0,0,0
8.699000,0,0,0,1
8.701000,0,0,0,0
8.703000,0,0,0,0
8.705000,0,0,0,1
8.707000,0,0,0,0
8.709000,0,0,0,0
8.711000,0,0,0,1
8.713000,0,0,0,0
8.715000,0,0,0,0
8.717000,0,0,0,0
8.719000,0,0,0,0
8.721000,0,0,0,0
8.723000,0,0,0,0
8.725000,0,0,0,0
8.727000,0,0,0,0
8.729000,0,0,0,0
8.731000,0,0,0,0
8.733000,0,0,0,0
8.735000,0,0,0,0
8.737000,0,0,0,0
8.739000,0,0,0,1
8.741000,0,0,0,0
8.743000,0,0,0,0
8.745000,0,0,0,0
8.747000,0,0,0,0
8.749000,0,0,0,0
8.751000,0,0,0,0
8.753000,0,0,0,0
8.755000,0,0,0,0
8.757000,0,0,0,0
8.759000,0,0,0,0
8.761000,0,0,0,0
8.763000,0,0,0,0
8.765000,0,0,0,0
8.767000,0,0,0,0
8.769000,0,0,0,0
8.771000,0,0,0,0
8.773000,0,0,0,0
8.775000,0,0,0,0
8.777000,0,0,0,0
8.779000,0,0,0,0
8.781000,0,0,0,0
8.783000,0,0,0,0
8.785000,0,0,0,0
8.787000,0,0,0,0
8.789000,0,0,0,0
8.791000,0,0,0,0
8.793000,0,0,0,0
8.795000,0,0,0,0
8.797000,0,0,0,0
8.799000,0,0,0,0
8.801000,0,0,0,0
8.803000,0,0,0,0
8.805000,0,0,0,0
8.807000,0,0,0,0
8.809000,0,0,0,0
8.811000,0,0,0,0
8.813000,0,0,0,0
8.815000,0,0,0,0
8.817000,0,0,0,0
8.819000,0,0,0,0
8.821000,0,0,0,0
8.823000,0,0,0,0
8.825000,0,0,0,0
8.827000,0,0,0,0
8.829000,0,0,0,0
8.831000,0,0,0,0
8.833000,0,0,0,0
8.835000,0,0,0,0
8.837000,0,0,0,0
8.839000,0,0,0,0
8.841000,0,0,0,0
8.843000,0,0,0,1
8.845000,0,0,0,0
8.847000,0,0,0,0
8.849000,0,0,0,0
8.851000,0,0,0,0
8.853000,0,0,0,0
8.855000,0,0,0,0
8.857000,0,0,0,0
8.859000,0,0,0,0
8.861000,0,0,0,0
8.863000,0,0,0,0
8.865000,0,0,0,0
8.867000,0,0,0,0
8.869000,0,0,0,1
8.871000,0,0,0,0
8.873000,0,0,0,0
8.875000,0,0,0,0
8.877000,0,0,0,0
8.879000,0,0,0,0
8.881000,0,0,0,0
8.883000,0,0,0,0
8.885000,0,0,0,0
8.887000,0,0,0,0
8.889000,0,0,0,0
8.891000,0,0,0,0
8.893000,0,0,0,0
8.895000,0,0,0,0
8.897000,0,0,0,0
8.899000,0,0,0,0
8.901000,0,0,0,0
8.903000,0,0,0,0
8.905000,0,0,0,0
8.907000,0,0,0,0
8.909000,0,0,0,0
8.911000,0,0,0,0
8.913000,0,0,0,0
8.915000,0,0,0,0
8.917000,0,0,0,0
8.919000,0,0,0,0
8.921000,0,0,0,0
8.923000,0,0,0,0
8.925000,0,0,0,0
8.927000,0,0,0,0
8.929000,0,0,0,0
8.931000,0,0,0,0
8.933000,0,0,0,0
8.935000,0,0,0,0
8.937000,0,0,0,0
8.939000,0,0,0,0
8.941000,0,0,0,0
8.943000,0,0,0,0
8.945000,0,0,0,0
8.947000,0,0,0,0
8.949000,0,0,0,0
8.951000,0,0,0,0
8.953000,0,0,0,0
8.955000,0,0,0,0
8.957000,0,0,0,0
8.959000,0,0,0,0
8.961000,0,0,0,0
8.963000,0,0,0,0
8.965000,0,0,0,0
8.967000,0,0,0,0
8.969000,0,0,0,0
8.971000,0,0,0,0
8.973000,0,0,0,0
8.975000,0,0,0,0
8.977000,0,0,0,0
8.979000,0,0,0,0
8.981000,0,0,0,0
8.983000,0,0,0,0
8.985000,0,0,0,0
8.987000,0,0,0,0
8.989000,0,0,1,0
8.991000,0,0,0,0
8.993000,0,0,0,0
8.995000,0,0,0,0
8.997000,0,0,0,0
8.999000,0,0,0,0
9.001000,0,0,0,0
9.003000,0,0,0,0
9.005000,0,0,0,1
9.007000,0,0,0,0
9.009000,0,0,0,0
9.011000,0,0,0,0
9.013000,0,0,0,0
9.015000,0,0,0,0
9.017000,0,0,0,0
9.019000,0,0,0,0
9.021000,0,0,0,0
9.023000,0,0,0,0
9.025000,0,0,0,0
9.027000,0,0,0,0
9.029000,0,0,0,0
9.031000,0,0,0,0
9.033000,0,0,0,0
9.035000,0,0,0,0
9.037000,0,0,0,0
9.039000,0,0,0,0
9.041000,0,0,0,0
9.043000,0,0,0,0
9.045000,0,0,0,0
9.047000,0,0,0,0
9.049000,0,0,0,0
9.051000,0,0,0,0
9.053000,0,0,0,0
9.055000,0,0,0,0
9.057000,0,0,0,0
9.059000,0,0,0,0
9.061000,0,0,0,0
9.063000,0,0,0,0
9.065000,0,0,0,0
9.067000,0,0,0,0
9.069000,0,0,0,0
9.071000,0,0,0,0
9.073000,0,0,0,1
9.075000,0,0,0,0
9.077000,0,0,0,0
9.079000,0,0,0,0
9.081000,0,0,0,0
9.083000,0,0,0,0
9.085000,0,0,0,0
9.087000,0,0,0,0
9.089000,0,0,0,0
9.091000,0,0,0,0
9.093000,0,0,0,0
9.095000,0,0,0,0
9.097000,0,0,0,0
9.099000,0,0,0,0
9.101000,0,0,0,0
9.103000,0,0,0,0
9.105000,0,0,0,0
9.107000,0,0,0,0
9.109000,0,0,0,0
9.111000,0,0,0,0
9.113000,0,0,0,0
9.115000,0,0,0,0
9.117000,0,0,0,0
9.119000,0,0,0,0
9.121000,0,0,0,0
9.123000,0,0,0,0
9.125000,0,0,0,0
9.127000,0,0,0,0
9.129000,0,0,0,0
9.131000,0,1,0,0
9.133000,0,0,0,0
9.135000,0,0,0,0
9.137000,0,0,0,1
9.139000,0,0,0,0
9.141000,0,0,0,0
9.143000,0,0,0,0
9.145000,0,0,0,0
9.147000,0,0,0,0
9.149000,0,0,0,0
9.151000,0,0,0,0
9.153000,0,0,0,0
9.155000,0,0,0,1
9.157000,0,0,0,1
9.159000,0,0,0,0
9.161000,0,0,0,0
9.163000,0,0,0,0
9.165000,0,0,0,0
9.167000,0,0,0,0
9.169000,0,0,0,0
9.171000,0,0,0,0
9.173000,0,0,0,0
9.175000,0,0,0,0
9.177000,0,0,0,0
9.179000,0,0,0,0
9.181000,0,0,0,0
9.183000,0,0,0,0
9.185000,0,0,0,0
9.187000,0,0,0,0
9.189000,0,0,0,0
9.191000,0,0,0,0
9.193000,0,0,0,0
9.195000,0,0,0,0
9.197000,0,0,0,0
9.199000,0,0,0,0
9.201000,0,0,0,0
9.203000,0,0,0,0
9.205000,0,0,0,0
9.207000,0,0,0,0
9.209000,0,0,0,0
9.211000,0,0,0,0
9.213000,0,0,0,0
9.215000,0,0,0,0
9.217000,0,1,0,0
9.219000,0,0,0,0
9.221000,0,0,0,0
9.223000,0,0,0,0
9.225000,0,0,0,0
9.227000,0,0,0,0
9.229000,0,0,0,0
9.231000,0,0,0,0
9.233000,0,0,0,0
9.235000,0,0,0,0
9.237000,0,0,0,0
9.239000,0,0,0,0
9.241000,0,0,0,0
9.243000,0,0,0,0
9.245000,0,0,0,0
9.247000,0,0,0,0
9.249000,0,0,0,0
9.251000,0,0,0,0
9.253000,0,0,0,0
9.255000,0,0,0,0
9.257000,0,0,0,0
9.259000,0,0,0,0
9.261000,0,0,0,0
9.263000,0,0,0,0
9.265000,0,0,0,0
9.267000,0,0,0,0
9.269000,0,0,0,0
9.271000,0,0,0,0
9.273000,0,0,0,0
9.275000,0,0,0,0
9.277000,0,0,0,0
9.279000,0,0,0,0
9.281000,0,0,0,0
9.283000,0,0,0,0
9.285000,0,0,0,0
9.287000,0,0,0,1
9.289000,0,0,0,0
9.291000,0,0,0,0
9.293000,0,0,0,0
9.295000,0,0,0,0
9.297000,0,0,0,0
9.299000,0,0,0,0
9.301000,0,0,0,0
9.303000,0,0,0,0
9.305000,0,0,0,0
9.307000,0,0,0,0
9.309000,0,0,0,0
9.311000,0,0,0,0
9.313000,0,0,0,0
9.315000,0,0,0,0
9.317000,0,0,0,0
9.319000,0,0,0,0
9.321000,0,0,0,0
9.323000,0,0,0,0
9.325000,0,0,0,0
9.327000,0,0,0,0
9.329000,0,0,0,0
9.331000,0,0,0,0
9.333000,0,0,0,0
9.335000,0,0,0,0
9.337000,0,0,0,0
9.339000,0,0,0,0
9.341000,0,0,0,0
9.343000,0,0,0,0
9.345000,0,0,0,0
9.347000,0,0,0,0
9.349000,0,0,0,0
9.351000,0,0,0,0
9.353000,0,0,0,0
9.355000,0,0,0,0
9.357000,0,0,0,0
9.359000,0,0,0,0
9.361000,0,0,0,0
9.363000,0,0,0,0
9.365000,0,0,0,0
9.367000,0,0,0,0
9.369000,0,0,0,0
9.371000,0,0,0,0
9.373000,0,0,0,0
9.375000,0,0,0,0
9.377000,0,0,0,0
9.379000,0,0,0,0
9.381000,0,0,0,0
9.383000,0,0,0,0
9.385000,0,0,0,0
9.387000,0,0,0,0
9.389000,0,0,0,0
9.391000,0,0,0,0
9.393000,0,0,0,0
9.395000,0,0,0,0
9.397000,0,0,0,0
9.399000,0,0,0,0
9.401000,0,0,0,0
9.403000,0,0,0,0
9.405000,0,0,0,0
9.407000,0,0,0,0
9.409000,0,0,0,0
9.411000,0,0,0,0
9.413000,0,0,0,0
9.415000,0,0,0,0
9.417000,0,0,0,0
9.419000,0,0,0,0
9.421000,0,0,0,0
9.423000,0,0,0,0
9.425000,0,0,0,0
9.427000,0,0,0,0
9.429000,0,0,0,0
9.431000,0,0,0,0
9.433000,0,0,0,0
9.435000,0,0,0,0
9.437000,0,0,0,0
9.439000,0,0,0,0
9.441000,0,0,0,0
9.443000,0,0,0,0
9.445000,0,0,0,0
9.447000,0,0,0,0
9.449000,0,0,0,0
9.451000,0,0,0,0
9.453000,0,0,0,0
9.455000,0,0,0,0
9.457000,0,0,0,0
9.459000,0,0,0,0
9.461000,0,0,0,0
9.463000,0,0,0,0
9.465000,0,0,0,0
9.467000,0,0,0,0
9.469000,0,0,0,0
9.471000,0,0,0,0
9.473000,0,0,0,0
9.475000,0,0,0,0
9.477000,0,0,0,0
9.479000,0,0,0,0
9.481000,0,0,0,0
9.483000,0,0,0,0
9.485000,0,0,0,0
9.487000,0,0,0,0
9.489000,0,0,0,0
9.491000,0,0,0,0
9.493000,0,0,0,0
9.495000,0,0,0,0
9.497000,0,0,0,0
9.499000,0,0,0,0
9.501000,0,0,0,0
9.503000,0,0,0,0
9.505000,0,0,0,0
9.507000,0,0,0,0
9.509000,0,0,0,0
9.511000,0,0,0,0
9.513000,0,0,0,0
9.515000,0,0,0,0
9.517000,0,0,0,0
9.519000,0,0,0,0
9.521000,0,0,0,0
9.523000,0,0,0,0
9.525000,0,0,0,0
9.527000,0,0,0,0
9.529000,0,0,0,0
9.531000,0,0,0,0
9.533000,0,0,0,0
9.535000,0,0,0,0
9.537000,0,0,0,0
9.539000,0,0,0,0
9.541000,0,0,0,0
9.543000,0,0,0,0
9.545000,0,0,0,0
9.547000,0,0,0,0
9.549000,0,0,0,0
9.551000,0,0,0,0
9.553000,0,0,0,0
9.555000,0,0,0,0
9.557000,0,0,0,0
9.559000,0,0,0,0
9.561000,0,0,0,0
9.563000,0,0,0,0
9.565000,0,0,0,0
9.567000,0,0,0,0
9.569000,0,0,0,0
9.571000,0,0,0,0
9.573000,0,0,0,0
9.575000,0,0,0,0
9.577000,0,0,0,0
9.579000,0,0,0,0
9.581000,0,0,0,0
9.583000,0,0,0,0
9.585000,0,0,0,0
9.587000,0,0,0,0
9.589000,0,0,0,0
9.591000,0,0,0,0
9.593000,0,0,0,0
9.595000,0,0,0,0
9.597000,0,0,0,0
9.599000,0,0,0,0
9.601000,0,0,0,0
9.603000,0,0,0,0
9.605000,0,0,0,0
9.607000,0,0,0,0
9.609000,0,0,0,0
9.611000,0,0,0,0
9.613000,0,0,0,0
9.615000,0,0,0,0
9.617000,0,0,0,0
9.619000,0,0,0,0
9.621000,0,0,0,0
9.623000,0,0,0,0
9.625000,0,0,0,0
9.627000,0,0,0,0
9.629000,0,0,0,0
9.631000,0,0,0,0
9.633000,0,0,0,0
9.635000,0,0,0,0
9.637000,0,0,0,0
9.639000,0,0,0,0
9.641000,0,0,0,0
9.643000,0,0,0,0
9.645000,0,0,0,0
9.647000,0,0,0,0
9.649000,0,0,0,0
9.651000,0,0,0,0
9.653000,0,0,0,0
9.655000,0,0,0,0
9.657000,0,0,0,0
9.659000,0,0,0,0
9.661000,0,0,0,0
9.663000,0,0,0,0
9.665000,0,0,0,0
9.667000,0,0,0,0
9.669000,0,0,0,0
9.671000,0,0,0,0
9.673000,0,0,0,0
9.675000,0,0,0,0
9.677000,0,0,0,0
9.679000,0,0,0,0
9.681000,0,0,0,0
9.683000,0,0,0,0
9.685000,0,0,0,0
9.687000,0,0,0,0
9.689000,0,0,0,0
9.691000,0,0,0,0
9.693000,0,0,0,0
9.695000,0,0,0,0
9.697000,0,0,0,0
9.699000,0,0,0,0
9.701000,0,0,0,0
9.703000,0,0,0,0
9.705000,0,0,0,0
9.707000,0,0,0,0
9.709000,0,0,0,0
9.711000,0,0,0,0
9.713000,0,0,0,0
9.715000,0,0,0,0
9.717000,0,0,0,0
9.719000,0,0,0,0
9.721000,0,0,0,0
9.723000,0,0,0,0
9.725000,0,0,0,0
9.727000,0,0,0,0
9.729000,0,0,0,0
9.731000,0,0,0,0
9.733000,0,0,0,0
9.735000,0,0,0,0
9.737000,0,0,0,0
9.739000,0,0,0,0
9.741000,0,0,0,0
9.743000,0,0,0,0
9.745000,0,0,0,0
9.747000,0,0,0,0
9.749000,0,0,0,0
9.751000,0,0,0,0
9.753000,0,0,0,0
9.755000,0,0,0,0
9.757000,0,0,0,0
9.759000,0,0,0,0
9.761000,0,0,0,0
9.763000,0,0,0,0
9.765000,0,0,0,0
9.767000,0,0,0,0
9.769000,0,0,0,0
9.771000,0,0,0,0
9.773000,0,0,0,0
9.775000,0,0,0,0
9.777000,0,0,0,0
9.779000,0,0,0,0
9.781000,0,0,0,0
9.783000,0,0,0,0
9.785000,0,0,0,0
9.787000,0,0,0,0
9.789000,0,0,0,0
9.791000,0,0,0,0
9.793000,0,0,0,0
9.795000,0,0,0,0
9.797000,0,0,0,0
9.799000,0,0,0,0
9.801000,0,0,0,0
9.803000,0,0,0,0
9.805000,0,0,0,0
9.807000,0,0,0,0
9.809000,0,0,0,0
9.811000,0,0,0,0
9.813000,0,0,0,0
9.815000,0,0,0,0
9.817000,0,0,0,0
9.819000,0,0,0,0
9.821000,0,0,0,0
9.823000,0,0,0,0
9.825000,0,0,0,0
9.827000,0,0,0,0
9.829000,0,0,0,0
9.831000,0,0,0,0
9.833000,0,0,0,0
9.835000,0,0,0,0
9.837000,0,0,0,0
9.839000,0,0,0,0
9.841000,0,0,0,0
9.843000,0,0,0,0
9.845000,0,0,0,0
9.847000,0,0,0,0
9.849000,0,0,0,0
9.851000,0,0,0,0
9.853000,0,0,0,0
9.855000,0,0,0,0
9.857000,0,0,0,0
9.859000,0,0,0,0
9.861000,0,0,0,0
9.863000,0,0,0,0
9.865000,0,0,0,0
9.867000,0,0,0,0
9.869000,0,0,0,0
9.871000,0,0,0,0
9.873000,0,0,0,0
9.875000,0,0,0,0
9.877000,0,0,0,0
9.879000,0,0,0,0
9.881000,0,0,0,0
9.883000,0,0,0,0
9.885000,0,0,0,0
9.887000,0,0,0,0
9.889000,0,0,0,0
9.891000,0,0,0,0
9.893000,0,0,0,0
9.895000,0,0,0,0
9.897000,0,0,0,0
9.899000,0,0,0,0
9.901000,0,0,0,0
9.903000,0,0,0,0
9.905000,0,0,0,0
9.907000,0,0,0,0
9.909000,0,0,0,0
9.911000,0,0,0,0
9.913000,0,0,0,0
9.915000,0,0,0,0
9.917000,0,0,0,0
9.919000,0,0,0,0
9.921000,0,0,0,0
9.923000,0,0,0,0
9.925000,0,0,0,0
9.927000,0,0,0,0
9.929000,0,0,0,0
9.931000,0,0,0,0
9.933000,0,0,0,0
9.935000,0,0,0,0
9.937000,0,0,0,0
9.939000,0,0,0,0
9.941000,0,0,0,0
9.943000,0,0,0,0
9.945000,0,0,0,0
9.947000,0,0,0,0
9.949000,0,0,0,0
9.951000,0,0,0,0
9.953000,0,0,0,0
9.955000,0,0,0,0
9.957000,0,0,0,0
9.959000,0,0,0,0
9.961000,0,0,0,0
9.963000,0,0,0,0
9.965000,0,0,0,0
9.967000,0,0,0,0
9.969000,0,0,0,0
9.971000,0,0,0,0
9.973000,0,0,0,0
9.975000,0,0,0,0
9.977000,0,0,0,0
9.979000,0,0,0,0
9.981000,0,0,0,0
9.983000,0,0,0,0
9.985000,0,0,0,0
9.987000,0,0,0,0
9.989000,0,0,0,0
9.991000,0,0,0,0
9.993000,0,0,0,0
9.995000,0,0,0,0
9.997000,0,0,0,0
9.999000,0,0,0,0
