Energy_MeV,Counts
0.001,0
0.003,0
0.005,0
0.007,3
0.009000000000000001,50
0.011,15
0.013000000000000001,12
0.015,10
0.017,15
0.019000000000000003,16
0.020999999999999998,31
0.023,37
0.025,27
0.027000000000000003,42
0.028999999999999998,49
0.031,52
0.033,69
0.035,71
0.037000000000000005,58
0.039,58
0.041,66
0.043,84
0.045,78
0.047,90
0.049,77
0.051000000000000004,80
0.053000000000000005,84
0.055,78
0.057,66
0.059,321
0.061,71
0.063,81
0.065,67
0.067,127
0.069,69
0.07100000000000001,33
0.07300000000000001,34
0.075,38
0.077,43
0.079,50
0.081,43
0.083,36
0.085,30
0.087,41
0.089,39
0.091,34
0.093,23
0.095,27
0.097,37
0.099,35
0.101,31
0.10300000000000001,28
0.10500000000000001,26
0.107,38
0.109,28
0.111,33
0.113,32
0.115,40
0.117,42
0.119,26
0.121,37
0.123,35
0.125,33
0.127,36
0.129,26
0.131,27
0.133,26
0.135,26
0.137,22
0.139,28
0.14100000000000001,35
0.14300000000000002,34
0.14500000000000002,35
0.147,31
0.149,21
0.151,20
0.153,27
0.155,24
0.157,18
0.159,28
0.161,19
0.163,23
0.165,33
0.167,28
0.169,29
0.171,32
0.17300000000000001,25
0.175,24
0.177,19
0.179,25
0.181,23
0.183,22
0.185,17
0.187,14
0.189,17
0.191,23
0.193,21
0.195,14
0.197,34
0.199,21
0.201,15
0.203,20
0.20500000000000002,20
0.20700000000000002,14
0.20900000000000002,15
0.211,16
0.213,16
0.215,18
0.217,17
0.219,12
0.221,28
0.223,16
0.225,25
0.227,12
0.229,16
0.231,19
0.233,18
0.23500000000000001,15
0.23700000000000002,18
0.239,14
0.241,11
0.243,15
0.245,16
0.247,18
0.249,10
0.251,20
0.253,20
0.255,11
0.257,10
0.259,18
0.261,17
0.263,9
0.265,22
0.267,11
0.269,14
0.271,10
0.273,21
0.275,10
0.277,17
0.279,14
0.281,20
0.28300000000000003,12
0.28500000000000003,5
0.28700000000000003,9
0.28900000000000003,13
0.291,10
0.293,16
0.295,6
0.297,16
0.299,13
0.301,13
0.303,11
0.305,17
0.307,11
0.309,6
0.311,12
0.313,11
0.315,11
0.317,12
0.319,11
0.321,6
0.323,15
0.325,11
0.327,9
0.329,14
0.331,13
0.333,9
0.335,15
0.337,6
0.339,7
0.341,11
0.343,8
0.34500000000000003,13
0.34700000000000003,17
0.34900000000000003,13
0.351,12
0.353,5
0.355,9
0.357,8
0.359,13
0.361,10
0.363,8
0.365,13
0.367,10
0.369,11
0.371,7
0.373,10
0.375,10
0.377,9
0.379,8
0.381,8
0.383,12
0.385,12
0.387,10
0.389,8
0.391,5
0.393,7
0.395,6
0.397,6
0.399,6
0.401,11
0.403,5
0.405,5
0.40700000000000003,6
0.40900000000000003,7
0.41100000000000003,11
0.41300000000000003,4
0.41500000000000004,6
0.41700000000000004,10
0.419,4
0.421,8
0.423,7
0.425,10
0.427,8
0.429,14
0.431,7
0.433,9
0.435,3
0.437,7
0.439,11
0.441,8
0.443,3
0.445,6
0.447,6
0.449,5
0.451,10
0.453,6
0.455,8
0.457,10
0.459,7
0.461,7
0.463,7
0.465,5
0.467,6
0.46900000000000003,9
0.47100000000000003,7
0.47300000000000003,4
0.47500000000000003,10
0.47700000000000004,7
0.479,8
0.481,8
0.483,4
0.485,7
0.487,8
0.489,8
0.491,11
0.493,5
0.495,7
0.497,7
0.499,6
0.501,6
0.503,1
0.505,6
0.507,7
0.509,6
0.511,4
0.513,7
0.515,5
0.517,6
0.519,4
0.521,7
0.523,10
0.525,6
0.527,7
0.529,3
0.531,3
0.533,9
0.535,6
0.537,13
0.539,10
0.541,6
0.543,7
0.545,6
0.547,4
0.549,5
0.551,5
0.553,5
0.555,5
0.557,3
0.559,8
0.561,5
0.5630000000000001,5
0.5650000000000001,6
0.5670000000000001,8
0.5690000000000001,6
0.5710000000000001,6
0.5730000000000001,4
0.5750000000000001,7
0.577,2
0.579,4
0.581,4
0.583,4
0.585,2
0.587,3
0.589,4
0.591,6
0.593,7
0.595,4
0.597,3
0.599,7
0.601,2
0.603,4
0.605,5
0.607,3
0.609,2
0.611,3
0.613,7
0.615,5
0.617,3
0.619,2
0.621,6
0.623,4
0.625,8
0.627,10
0.629,2
0.631,3
0.633,5
0.635,5
0.637,6
0.639,4
0.641,3
0.643,3
0.645,5
0.647,8
0.649,3
0.651,2
0.653,8
0.655,2
0.657,4
0.659,5
0.661,8
0.663,5
0.665,1
0.667,3
0.669,3
0.671,10
0.673,7
0.675,3
0.677,2
0.679,6
0.681,2
0.683,7
0.685,4
0.687,4
0.6890000000000001,2
0.6910000000000001,2
0.6930000000000001,6
0.6950000000000001,5
0.6970000000000001,4
0.6990000000000001,4
0.7010000000000001,4
0.7030000000000001,4
0.705,3
0.707,2
0.709,4
0.711,3
0.713,4
0.715,6
0.717,5
0.719,2
0.721,2
0.723,5
0.725,6
0.727,7
0.729,3
0.731,2
0.733,3
0.735,5
0.737,2
0.739,3
0.741,5
0.743,3
0.745,1
0.747,3
0.749,7
0.751,6
0.753,2
0.755,4
0.757,3
0.759,3
0.761,5
0.763,4
0.765,1
0.767,4
0.769,3
0.771,3
0.773,1
0.775,7
0.777,1
0.779,1
0.781,1
0.783,4
0.785,4
0.787,2
0.789,2
0.791,1
0.793,4
0.795,0
0.797,3
0.799,2
0.801,3
0.803,3
0.805,4
0.807,5
0.809,5
0.811,0
0.8130000000000001,0
0.8150000000000001,2
0.8170000000000001,6
0.8190000000000001,3
0.8210000000000001,3
0.8230000000000001,2
0.8250000000000001,1
0.8270000000000001,0
0.8290000000000001,6
0.8310000000000001,1
0.833,1
0.835,0
0.837,5
0.839,3
0.841,4
0.843,4
0.845,4
0.847,3
0.849,2
0.851,3
0.853,2
0.855,2
0.857,6
0.859,1
0.861,2
0.863,2
0.865,2
0.867,3
0.869,2
0.871,1
0.873,0
0.875,1
0.877,3
0.879,0
0.881,0
0.883,6
0.885,2
0.887,2
0.889,0
0.891,4
0.893,0
0.895,2
0.897,4
0.899,2
0.901,4
0.903,3
0.905,5
0.907,4
0.909,1
0.911,4
0.913,4
0.915,4
0.917,0
0.919,2
0.921,2
0.923,4
0.925,3
0.927,1
0.929,1
0.931,1
0.933,2
0.935,1
0.937,4
0.9390000000000001,0
0.9410000000000001,0
0.9430000000000001,2
0.9450000000000001,0
0.9470000000000001,2
0.9490000000000001,4
0.9510000000000001,2
0.9530000000000001,0
0.9550000000000001,1
0.9570000000000001,2
0.9590000000000001,1
0.961,3
0.963,3
0.965,4
0.967,1
0.969,4
0.971,0
0.973,5
0.975,1
0.977,2
0.979,1
0.981,1
0.983,0
0.985,3
0.987,0
0.989,1
0.991,0
0.993,2
0.995,3
0.997,3
0.999,4
1.001,1
1.0030000000000001,2
1.005,1
1.0070000000000001,1
1.009,1
1.0110000000000001,1
1.013,1
1.0150000000000001,0
1.017,1
1.0190000000000001,0
1.021,1
1.0230000000000001,0
1.025,3
1.0270000000000001,0
1.029,4
1.0310000000000001,1
1.033,3
1.0350000000000001,2
1.037,1
1.0390000000000001,4
1.041,1
1.0430000000000001,3
1.045,3
1.0470000000000002,1
1.049,1
1.0510000000000002,4
1.053,2
1.0550000000000002,3
1.057,1
1.0590000000000002,1
1.061,2
1.0630000000000002,2
1.065,1
1.0670000000000002,0
1.069,3
1.0710000000000002,2
1.073,4
1.0750000000000002,1
1.077,1
1.0790000000000002,3
1.081,1
1.0830000000000002,2
1.085,0
1.0870000000000002,1
1.089,0
1.0910000000000002,2
1.093,0
1.0950000000000002,3
1.097,0
1.0990000000000002,1
1.101,0
1.1030000000000002,2
1.105,4
1.1070000000000002,3
1.109,0
1.1110000000000002,1
1.113,0
1.1150000000000002,4
1.117,1
1.1190000000000002,4
1.121,2
1.1230000000000002,3
1.125,0
1.1270000000000002,2
1.129,2
1.1310000000000002,2
1.133,4
1.1350000000000002,2
1.137,1
1.1390000000000002,2
1.141,1
1.1430000000000002,3
1.145,1
1.1470000000000002,3
1.149,0
1.1510000000000002,4
1.153,0
1.1549999999999998,2
1.157,1
1.1589999999999998,0
1.161,1
1.1629999999999998,1
1.165,1
1.1669999999999998,1
1.169,2
1.1709999999999998,1
1.173,1
1.1749999999999998,0
1.177,1
1.1789999999999998,0
1.181,1
1.1829999999999998,2
1.185,0
1.1869999999999998,2
1.189,3
1.1909999999999998,1
1.193,5
1.1949999999999998,1
1.197,2
1.1989999999999998,0
1.201,0
1.2029999999999998,2
1.205,1
1.2069999999999999,0
1.209,1
1.2109999999999999,0
1.213,2
1.2149999999999999,2
1.217,1
1.2189999999999999,1
1.221,2
1.2229999999999999,2
1.225,1
1.2269999999999999,1
1.229,3
1.2309999999999999,2
1.233,1
1.2349999999999999,2
1.237,2
1.2389999999999999,2
1.241,1
1.2429999999999999,3
1.245,2
1.2469999999999999,1
1.249,1
1.251,2
1.2530000000000001,1
1.255,1
1.2570000000000001,2
1.259,1
1.2610000000000001,1
1.263,2
1.2650000000000001,0
1.267,2
1.2690000000000001,1
1.271,2
1.2730000000000001,2
1.275,1
1.2770000000000001,2
1.279,0
1.2810000000000001,3
1.283,2
1.2850000000000001,1
1.287,0
1.2890000000000001,0
1.291,0
1.2930000000000001,0
1.295,2
1.2970000000000002,1
1.299,0
1.3010000000000002,1
1.303,1
1.3050000000000002,0
1.307,0
1.3090000000000002,0
1.311,0
1.3130000000000002,2
1.315,1
1.3170000000000002,0
1.319,0
1.3210000000000002,2
1.323,0
1.3250000000000002,1
1.327,0
1.3290000000000002,1
1.331,3
1.3330000000000002,0
1.335,2
1.3370000000000002,0
1.339,2
1.3410000000000002,0
1.343,2
1.3450000000000002,2
1.347,0
1.3490000000000002,1
1.351,1
1.3530000000000002,1
1.355,2
1.3570000000000002,1
1.359,0
1.3610000000000002,1
1.363,2
1.3650000000000002,3
1.367,0
1.3690000000000002,1
1.371,0
1.3730000000000002,1
1.375,2
1.3770000000000002,0
1.379,1
1.3810000000000002,1
1.383,0
1.3850000000000002,2
1.387,0
1.3890000000000002,2
1.391,1
1.3930000000000002,0
1.395,1
1.3970000000000002,0
1.399,2
1.4010000000000002,0
1.403,1
1.4050000000000002,0
1.407,0
1.4089999999999998,1
1.411,1
1.4129999999999998,0
1.415,3
1.4169999999999998,1
1.419,2
1.4209999999999998,0
1.423,0
1.4249999999999998,2
1.427,0
1.4289999999999998,0
1.431,2
1.4329999999999998,1
1.435,1
1.4369999999999998,0
1.439,1
1.4409999999999998,0
1.443,1
1.4449999999999998,0
1.447,1
1.4489999999999998,0
1.451,1
1.4529999999999998,0
1.455,0
1.4569999999999999,1
1.459,0
1.4609999999999999,2
1.463,0
1.4649999999999999,1
1.467,4
1.4689999999999999,1
1.471,2
1.4729999999999999,1
1.475,0
1.4769999999999999,4
1.479,1
1.4809999999999999,0
1.483,0
1.4849999999999999,1
1.487,2
1.4889999999999999,1
1.491,0
1.4929999999999999,1
1.495,2
1.4969999999999999,0
1.499,1
1.501,1
1.5030000000000001,1
1.505,0
1.5070000000000001,0
1.509,1
1.5110000000000001,2
1.513,2
1.5150000000000001,0
1.517,1
1.5190000000000001,2
1.521,0
1.5230000000000001,1
1.525,2
1.5270000000000001,0
1.529,3
1.5310000000000001,0
1.533,1
1.5350000000000001,0
1.537,1
1.5390000000000001,1
1.541,0
1.5430000000000001,1
1.545,1
1.5470000000000002,0
1.549,0
1.5510000000000002,1
1.553,2
1.5550000000000002,1
1.557,1
1.5590000000000002,0
1.561,1
1.5630000000000002,2
1.565,0
1.5670000000000002,3
1.569,1
1.5710000000000002,2
1.573,0
1.5750000000000002,2
1.577,0
1.5790000000000002,0
1.581,1
1.5830000000000002,0
1.585,1
1.5870000000000002,2
1.589,0
1.5910000000000002,0
1.593,0
1.5950000000000002,0
1.597,0
1.5990000000000002,1
1.601,2
1.6030000000000002,1
1.605,2
1.6070000000000002,0
1.609,2
1.6110000000000002,1
1.613,0
1.6150000000000002,0
1.617,0
1.6190000000000002,1
1.621,1
1.6230000000000002,2
1.625,0
1.6270000000000002,0
1.629,1
1.6310000000000002,1
1.633,0
1.6350000000000002,1
1.637,1
1.6390000000000002,0
1.641,0
1.6430000000000002,0
1.645,0
1.6470000000000002,1
1.649,1
1.6510000000000002,1
1.653,2
1.6550000000000002,0
1.657,0
1.6590000000000003,2
1.661,1
1.6630000000000003,3
1.665,0
1.6669999999999998,0
1.669,0
1.6709999999999998,1
1.673,1
1.6749999999999998,2
1.677,0
1.6789999999999998,3
1.681,0
1.6829999999999998,0
1.685,0
1.6869999999999998,2
1.689,0
1.6909999999999998,2
1.693,0
1.6949999999999998,1
1.697,0
1.6989999999999998,3
1.701,0
1.7029999999999998,1
1.705,3
1.7069999999999999,1
1.709,2
1.7109999999999999,0
1.713,0
1.7149999999999999,0
1.717,0
1.7189999999999999,1
1.721,1
1.7229999999999999,1
1.725,1
1.7269999999999999,1
1.729,0
1.7309999999999999,3
1.733,0
1.7349999999999999,0
1.737,0
1.7389999999999999,0
1.741,0
1.7429999999999999,0
1.745,1
1.7469999999999999,0
1.749,0
1.751,0
1.7530000000000001,0
1.755,1
1.7570000000000001,1
1.759,1
1.7610000000000001,0
1.763,0
1.7650000000000001,0
1.767,0
1.7690000000000001,0
1.771,0
1.7730000000000001,1
1.775,0
1.7770000000000001,1
1.779,0
1.7810000000000001,0
1.783,0
1.7850000000000001,1
1.787,0
1.7890000000000001,0
1.791,1
1.7930000000000001,1
1.795,1
1.7970000000000002,0
1.799,0
1.8010000000000002,0
1.803,0
1.8050000000000002,3
1.807,1
1.8090000000000002,0
1.811,1
1.8130000000000002,0
1.815,0
1.8170000000000002,2
1.819,1
1.8210000000000002,1
1.823,1
1.8250000000000002,1
1.827,3
1.8290000000000002,0
1.831,2
1.8330000000000002,0
1.835,0
1.8370000000000002,1
1.839,1
1.8410000000000002,1
1.843,1
1.8450000000000002,1
1.847,0
1.8490000000000002,0
1.851,0
1.8530000000000002,0
1.855,0
1.8570000000000002,1
1.859,0
1.8610000000000002,0
1.863,1
1.8650000000000002,1
1.867,0
1.8690000000000002,0
1.871,0
1.8730000000000002,0
1.875,0
1.8770000000000002,0
1.879,0
1.8810000000000002,0
1.883,0
1.8850000000000002,2
1.887,3
1.8890000000000002,1
1.891,0
1.8930000000000002,1
1.895,1
1.8970000000000002,0
1.899,2
1.9010000000000002,2
1.903,0
1.9050000000000002,0
1.907,1
1.9090000000000003,1
1.911,0
1.9130000000000003,0
1.915,0
1.9170000000000003,0
1.919,0
1.9209999999999998,0
1.923,1
1.9249999999999998,0
1.927,0
1.9289999999999998,1
1.931,1
1.9329999999999998,1
1.935,1
1.9369999999999998,0
1.939,0
1.9409999999999998,1
1.943,0
1.9449999999999998,0
1.947,1
1.9489999999999998,1
1.951,1
1.9529999999999998,1
1.955,0
1.9569999999999999,1
1.959,1
1.9609999999999999,0
1.963,0
1.9649999999999999,1
1.967,0
1.9689999999999999,2
1.971,0
1.9729999999999999,1
1.975,0
1.9769999999999999,0
1.979,0
1.9809999999999999,3
1.983,1
1.9849999999999999,0
1.987,0
1.9889999999999999,0
1.991,0
1.9929999999999999,1
1.995,0
1.9969999999999999,0
1.999,1
2.0010000000000003,0
2.003,0
2.005,0
2.007,0
2.0090000000000003,1
2.011,1
2.013,0
2.015,1
2.0170000000000003,0
2.019,0
2.021,2
2.023,2
2.0250000000000004,0
2.027,1
2.029,1
2.031,1
2.0330000000000004,1
2.035,1
2.037,0
2.039,0
2.0410000000000004,0
2.043,0
2.045,3
2.047,1
2.049,0
2.051,1
2.053,0
2.0549999999999997,2
2.057,1
2.059,1
2.061,0
2.0629999999999997,2
2.065,1
2.067,1
2.069,0
2.0709999999999997,0
2.073,2
2.075,1
2.077,1
2.0789999999999997,0
2.081,1
2.083,0
2.085,0
2.0869999999999997,2
2.089,0
2.091,0
2.093,1
2.0949999999999998,0
2.097,0
2.099,0
2.101,0
2.1029999999999998,0
2.105,0
2.107,0
2.109,0
2.1109999999999998,1
2.113,0
2.115,1
2.117,1
2.1189999999999998,1
2.121,0
2.123,0
2.125,0
2.127,0
2.129,1
2.1310000000000002,0
2.133,1
2.135,1
2.137,0
2.1390000000000002,1
2.141,1
2.143,1
2.145,0
2.1470000000000002,1
2.149,0
2.151,0
2.153,0
2.1550000000000002,0
2.157,1
2.159,0
2.161,0
2.1630000000000003,2
2.165,1
2.167,0
2.169,0
2.1710000000000003,1
2.173,0
2.175,2
2.177,0
2.1790000000000003,0
2.181,0
2.183,0
2.185,0
2.1870000000000003,1
2.189,2
2.191,0
2.193,1
2.1950000000000003,0
2.197,0
2.199,0
2.201,0
2.2030000000000003,1
2.205,0
2.207,1
2.209,0
2.2110000000000003,0
2.213,0
2.215,0
2.217,1
2.2190000000000003,0
2.221,2
2.223,1
2.225,0
2.2270000000000003,0
2.229,0
2.231,0
2.233,1
2.2350000000000003,2
2.237,0
2.239,0
2.241,2
2.2430000000000003,1
2.245,1
2.247,0
2.249,0
2.2510000000000003,0
2.253,0
2.255,0
2.257,2
2.2590000000000003,1
2.261,1
2.263,1
2.265,0
2.2670000000000003,0
2.269,0
2.271,1
2.273,1
2.2750000000000004,0
2.277,0
2.279,0
2.281,0
2.2830000000000004,0
2.285,1
2.287,0
2.289,0
2.2910000000000004,0
2.293,1
2.295,0
2.297,0
2.2990000000000004,1
2.301,0
2.303,0
2.305,0
2.307,1
2.309,0
2.311,0
2.3129999999999997,2
2.315,0
2.317,0
2.319,1
2.3209999999999997,0
2.323,1
2.325,0
2.327,1
2.3289999999999997,0
2.331,0
2.333,0
2.335,0
2.3369999999999997,0
2.339,0
2.341,0
2.343,0
2.3449999999999998,0
2.347,0
2.349,0
2.351,0
2.3529999999999998,0
2.355,0
2.357,0
2.359,0
2.3609999999999998,2
2.363,1
2.365,0
2.367,0
2.3689999999999998,1
2.371,1
2.373,0
2.375,0
2.377,0
2.379,0
2.3810000000000002,0
2.383,0
2.385,0
2.387,0
2.3890000000000002,0
2.391,1
2.393,0
2.395,1
2.3970000000000002,2
2.399,0
2.401,0
2.403,0
2.4050000000000002,0
2.407,1
2.409,0
2.411,0
2.4130000000000003,0
2.415,0
2.417,1
2.419,0
2.4210000000000003,1
2.423,1
2.425,0
2.427,0
2.4290000000000003,0
2.431,0
2.433,0
2.435,0
2.4370000000000003,0
2.439,0
2.441,0
2.443,0
2.4450000000000003,1
2.447,0
2.449,1
2.451,1
2.4530000000000003,0
2.455,1
2.457,0
2.459,1
2.4610000000000003,0
2.463,1
2.465,0
2.467,0
2.4690000000000003,0
2.471,0
2.473,0
2.475,2
2.4770000000000003,0
2.479,2
2.481,0
2.483,0
2.4850000000000003,0
2.487,0
2.489,1
2.491,0
2.4930000000000003,1
2.495,1
2.497,2
2.499,0
2.5010000000000003,0
2.503,2
2.505,1
2.507,0
2.5090000000000003,0
2.511,0
2.513,0
2.515,0
2.5170000000000003,0
2.519,0
2.521,0
2.523,1
2.5250000000000004,0
2.527,1
2.529,1
2.531,1
2.5330000000000004,1
2.535,0
2.537,1
2.539,1
2.5410000000000004,1
2.543,1
2.545,0
2.547,0
2.5490000000000004,0
2.551,2
2.553,1
2.555,0
2.5570000000000004,0
2.559,0
2.561,0
2.5629999999999997,0
2.565,0
2.567,0
2.569,0
2.5709999999999997,1
2.573,0
2.575,1
2.577,0
2.5789999999999997,0
2.581,0
2.583,1
2.585,0
2.5869999999999997,1
2.589,0
2.591,0
2.593,0
2.5949999999999998,0
2.597,0
2.599,1
2.601,0
2.6029999999999998,0
2.605,0
2.607,0
2.609,1
2.6109999999999998,0
2.613,0
2.615,0
2.617,0
2.6189999999999998,0
2.621,0
2.623,2
2.625,2
2.627,1
2.629,0
2.6310000000000002,0
2.633,0
2.635,1
2.637,0
2.6390000000000002,0
2.641,0
2.643,1
2.645,0
2.6470000000000002,0
2.649,0
2.651,1
2.653,1
2.6550000000000002,1
2.657,1
2.659,1
2.661,0
2.6630000000000003,0
2.665,1
2.667,0
2.669,0
2.6710000000000003,0
2.673,0
2.675,0
2.677,0
2.6790000000000003,0
2.681,0
2.683,0
2.685,0
2.6870000000000003,0
2.689,1
2.691,1
2.693,0
2.6950000000000003,0
2.697,0
2.699,0
2.701,0
2.7030000000000003,0
2.705,0
2.707,0
2.709,0
2.7110000000000003,0
2.713,0
2.715,0
2.717,1
2.7190000000000003,0
2.721,0
2.723,0
2.725,0
2.7270000000000003,0
2.729,0
2.731,0
2.733,0
2.7350000000000003,0
2.737,1
2.739,2
2.741,0
2.7430000000000003,0
2.745,0
2.747,1
2.749,1
2.7510000000000003,0
2.753,2
2.755,0
2.757,0
2.7590000000000003,0
2.761,0
2.763,0
2.765,2
2.7670000000000003,1
2.769,0
2.771,0
2.773,0
2.7750000000000004,1
2.777,0
2.779,0
2.781,0
2.7830000000000004,0
2.785,1
2.787,0
2.789,0
2.7910000000000004,1
2.793,0
2.795,0
2.797,0
2.7990000000000004,0
2.801,0
2.803,1
2.805,0
2.8070000000000004,0
2.809,1
2.811,0
2.813,1
2.815,1
2.817,0
2.819,2
2.8209999999999997,0
2.823,1
2.825,0
2.827,1
2.8289999999999997,0
2.831,0
2.833,0
2.835,0
2.8369999999999997,0
2.839,0
2.841,0
2.843,0
2.8449999999999998,0
2.847,1
2.849,0
2.851,0
2.8529999999999998,0
2.855,0
2.857,0
2.859,0
2.8609999999999998,0
2.863,0
2.865,0
2.867,1
2.8689999999999998,1
2.871,0
2.873,0
2.875,0
2.877,0
2.879,0
2.8810000000000002,0
2.883,0
2.885,0
2.887,0
2.8890000000000002,0
2.891,0
2.893,1
2.895,1
2.8970000000000002,0
2.899,0
2.901,1
2.903,0
2.9050000000000002,0
2.907,0
2.909,0
2.911,0
2.9130000000000003,0
2.915,0
2.917,0
2.919,0
2.9210000000000003,1
2.923,0
2.925,1
2.927,1
2.9290000000000003,0
2.931,0
2.933,0
2.935,1
2.9370000000000003,1
2.939,0
2.941,1
2.943,1
2.9450000000000003,0
2.947,0
2.949,0
2.951,0
2.9530000000000003,0
2.955,0
2.957,0
2.959,0
2.9610000000000003,0
2.963,1
2.965,0
2.967,2
2.9690000000000003,0
2.971,1
2.973,0
2.975,0
2.9770000000000003,1
2.979,0
2.981,0
2.983,1
2.9850000000000003,0
2.987,0
2.989,0
2.991,1
2.9930000000000003,0
2.995,0
2.997,0
2.999,1
3.0010000000000003,0
3.003,0
3.005,0
3.007,1
3.0090000000000003,0
3.011,1
3.013,0
3.015,0
3.0170000000000003,0
3.019,0
3.021,0
3.023,0
3.0250000000000004,0
3.027,0
3.029,0
3.031,0
3.0330000000000004,0
3.035,0
3.037,1
3.039,0
3.0410000000000004,0
3.043,0
3.045,0
3.047,0
3.0490000000000004,0
3.051,0
3.053,0
3.055,0
3.0570000000000004,0
3.059,0
3.061,0
3.063,2
3.0650000000000004,0
3.067,0
3.069,1
3.071,0
3.073,0
3.075,0
3.077,0
3.0789999999999997,0
3.081,0
3.083,0
3.085,0
3.0869999999999997,0
3.089,0
3.091,0
3.093,0
3.0949999999999998,0
3.097,2
3.099,2
3.101,0
3.1029999999999998,1
3.105,0
3.107,0
3.109,0
3.1109999999999998,1
3.113,0
3.115,0
3.117,0
3.1189999999999998,0
3.121,0
3.123,0
3.125,0
3.127,0
3.129,0
3.1310000000000002,0
3.133,0
3.135,0
3.137,0
3.1390000000000002,1
3.141,0
3.143,0
3.145,1
3.1470000000000002,0
3.149,0
3.151,0
3.153,0
3.1550000000000002,2
3.157,0
3.159,0
3.161,0
3.1630000000000003,0
3.165,0
3.167,0
3.169,0
3.1710000000000003,0
3.173,0
3.175,0
3.177,0
3.1790000000000003,0
3.181,0
3.183,0
3.185,0
3.1870000000000003,0
3.189,0
3.191,2
3.193,0
3.1950000000000003,0
3.197,0
3.199,0
3.201,0
3.2030000000000003,0
3.205,0
3.207,0
3.209,0
3.2110000000000003,0
3.213,0
3.215,0
3.217,1
3.2190000000000003,0
3.221,0
3.223,0
3.225,0
3.2270000000000003,1
3.229,0
3.231,1
3.233,0
3.2350000000000003,1
3.237,1
3.239,0
3.241,0
3.2430000000000003,0
3.245,1
3.247,0
3.249,0
3.2510000000000003,1
3.253,0
3.255,1
3.257,0
3.2590000000000003,0
3.261,0
3.263,0
3.265,0
3.2670000000000003,0
3.269,0
3.271,0
3.273,1
3.2750000000000004,0
3.277,0
3.279,0
3.281,0
3.2830000000000004,0
3.285,0
3.287,0
3.289,0
3.2910000000000004,0
3.293,0
3.295,0
3.297,0
3.2990000000000004,0
3.301,0
3.303,0
3.305,1
3.3070000000000004,0
3.309,0
3.311,0
3.313,0
3.3150000000000004,0
3.317,0
3.319,0
3.321,1
3.3230000000000004,0
3.325,1
3.327,0
3.329,1
3.331,1
3.333,1
3.335,0
3.3369999999999997,0
3.339,0
3.341,0
3.343,0
3.3449999999999998,0
3.347,0
3.349,0
3.351,0
3.3529999999999998,0
3.355,0
3.357,0
3.359,0
3.3609999999999998,0
3.363,1
3.365,0
3.367,0
3.3689999999999998,0
3.371,0
3.373,0
3.375,0
3.377,0
3.379,0
3.3810000000000002,0
3.383,0
3.385,0
3.387,0
3.3890000000000002,0
3.391,1
3.393,0
3.395,0
3.3970000000000002,0
3.399,0
3.401,0
3.403,0
3.4050000000000002,0
3.407,0
3.409,0
3.411,0
3.4130000000000003,0
3.415,0
3.417,0
3.419,0
3.4210000000000003,0
3.423,0
3.425,0
3.427,0
3.4290000000000003,0
3.431,0
3.433,1
3.435,0
3.4370000000000003,0
3.439,0
3.441,0
3.443,0
3.4450000000000003,0
3.447,1
3.449,0
3.451,0
3.4530000000000003,0
3.455,0
3.457,0
3.459,1
3.4610000000000003,0
3.463,1
3.465,0
3.467,0
3.4690000000000003,0
3.471,0
3.473,0
3.475,0
3.4770000000000003,0
3.479,0
3.481,0
3.483,0
3.4850000000000003,0
3.487,0
3.489,0
3.491,0
3.4930000000000003,0
3.495,0
3.497,0
3.499,0
3.5010000000000003,1
3.503,0
3.505,0
3.507,0
3.5090000000000003,0
3.511,0
3.513,0
3.515,0
3.5170000000000003,0
3.519,0
3.521,0
3.523,0
3.5250000000000004,0
3.527,0
3.529,0
3.531,0
3.5330000000000004,0
3.535,0
3.537,0
3.539,0
3.5410000000000004,0
3.543,1
3.545,0
3.547,0
3.5490000000000004,0
3.551,1
3.553,0
3.555,2
3.5570000000000004,0
3.559,0
3.561,0
3.563,0
3.5650000000000004,0
3.567,0
3.569,0
3.571,0
3.5730000000000004,0
3.575,0
3.577,0
3.579,0
3.5810000000000004,0
3.583,0
3.585,0
3.5869999999999997,0
3.589,0
3.591,0
3.593,0
3.5949999999999998,0
3.597,0
3.599,0
3.601,0
3.6029999999999998,0
3.605,0
3.607,0
3.609,1
3.6109999999999998,0
3.613,0
3.615,0
3.617,0
3.6189999999999998,0
3.621,0
3.623,1
3.625,0
3.627,0
3.629,0
3.6310000000000002,0
3.633,0
3.635,0
3.637,0
3.6390000000000002,0
3.641,0
3.643,0
3.645,0
3.6470000000000002,1
3.649,0
3.651,0
3.653,0
3.6550000000000002,0
3.657,0
3.659,0
3.661,0
3.6630000000000003,0
3.665,1
3.667,0
3.669,0
3.6710000000000003,0
3.673,0
3.675,1
3.677,0
3.6790000000000003,0
3.681,0
3.683,0
3.685,0
3.6870000000000003,1
3.689,0
3.691,0
3.693,0
3.6950000000000003,0
3.697,0
3.699,1
3.701,0
3.7030000000000003,0
3.705,1
3.707,0
3.709,0
3.7110000000000003,0
3.713,0
3.715,0
3.717,0
3.7190000000000003,0
3.721,0
3.723,0
3.725,1
3.7270000000000003,0
3.729,1
3.731,0
3.733,0
3.7350000000000003,0
3.737,0
3.739,0
3.741,0
3.7430000000000003,0
3.745,0
3.747,0
3.749,0
3.7510000000000003,0
3.753,0
3.755,0
3.757,0
3.7590000000000003,0
3.761,0
3.763,0
3.765,0
3.7670000000000003,0
3.769,0
3.771,0
3.773,0
3.7750000000000004,0
3.777,0
3.779,0
3.781,0
3.7830000000000004,0
3.785,0
3.787,0
3.789,0
3.7910000000000004,0
3.793,0
3.795,0
3.797,1
3.7990000000000004,2
3.801,0
3.803,0
3.805,0
3.8070000000000004,0
3.809,0
3.811,0
3.813,0
3.8150000000000004,1
3.817,0
3.819,0
3.821,0
3.8230000000000004,0
3.825,0
3.827,0
3.829,0
3.8310000000000004,0
3.833,1
3.835,0
3.837,1
3.839,0
3.841,0
3.843,0
3.8449999999999998,0
3.847,0
3.849,0
3.851,0
3.8529999999999998,0
3.855,0
3.857,0
3.859,0
3.8609999999999998,0
3.863,0
3.865,0
3.867,1
3.8689999999999998,0
3.871,0
3.873,0
3.875,0
3.877,0
3.879,0
3.8810000000000002,0
3.883,0
3.885,0
3.887,0
3.8890000000000002,0
3.891,0
3.893,0
3.895,0
3.8970000000000002,0
3.899,0
3.901,0
3.903,0
3.9050000000000002,0
3.907,0
3.909,1
3.911,0
3.9130000000000003,0
3.915,1
3.917,0
3.919,0
3.9210000000000003,0
3.923,0
3.925,0
3.927,0
3.9290000000000003,0
3.931,0
3.933,0
3.935,0
3.9370000000000003,0
3.939,0
3.941,0
3.943,0
3.9450000000000003,0
3.947,0
3.949,0
3.951,0
3.9530000000000003,0
3.955,0
3.957,0
3.959,0
3.9610000000000003,0
3.963,0
3.965,1
3.967,0
3.9690000000000003,0
3.971,0
3.973,0
3.975,0
3.9770000000000003,0
3.979,0
3.981,1
3.983,0
3.9850000000000003,0
3.987,1
3.989,1
3.991,0
3.9930000000000003,0
3.995,1
3.997,0
3.999,0
4.0009999999999994,0
4.003,0
4.005000000000001,0
4.007,0
4.009,1
4.011,0
4.013,0
4.015000000000001,0
4.0169999999999995,0
4.019,0
4.021000000000001,0
4.023,0
4.025,0
4.027,0
4.029,0
4.031000000000001,0
4.0329999999999995,0
4.035,1
4.037000000000001,1
4.039,0
4.041,0
4.043,0
4.045,0
4.047000000000001,1
4.0489999999999995,0
4.051,0
4.053000000000001,0
4.055,1
4.057,0
4.059,0
4.061,0
4.063000000000001,0
4.0649999999999995,0
4.067,0
4.069000000000001,0
4.071,0
4.073,0
4.075,0
4.077,0
4.079000000000001,0
4.0809999999999995,0
4.083,0
4.085000000000001,0
4.087,0
4.089,0
4.091,0
4.093,0
4.095000000000001,0
4.0969999999999995,0
4.099,0
4.101,0
4.103,0
4.105,0
4.106999999999999,0
4.109,0
4.111000000000001,0
4.1129999999999995,0
4.115,0
4.117,0
4.119,0
4.121,0
4.122999999999999,0
4.125,0
4.127000000000001,0
4.129,0
4.131,0
4.133,0
4.135,0
4.1370000000000005,1
4.138999999999999,0
4.141,0
4.143000000000001,0
4.145,0
4.147,1
4.149,0
4.151,0
4.1530000000000005,0
4.154999999999999,0
4.157,0
4.159000000000001,0
4.161,0
4.163,0
4.165,0
4.167,0
4.1690000000000005,1
4.170999999999999,0
4.173,0
4.175000000000001,0
4.177,0
4.179,0
4.181,0
4.183,0
4.1850000000000005,0
4.186999999999999,0
4.189,0
4.191000000000001,0
4.193,0
4.195,0
4.197,0
4.199,0
4.2010000000000005,0
4.202999999999999,0
4.205,0
4.207000000000001,0
4.209,1
4.211,0
4.213,0
4.215,0
4.2170000000000005,0
4.218999999999999,0
4.221,0
4.223000000000001,1
4.225,0
4.227,0
4.229,0
4.231,0
4.2330000000000005,0
4.234999999999999,0
4.237,0
4.239000000000001,0
4.241,0
4.243,0
4.245,0
4.247,0
4.2490000000000006,0
4.2509999999999994,0
4.253,0
4.255000000000001,0
4.257,0
4.259,0
4.261,0
4.263,0
4.265000000000001,0
4.2669999999999995,0
4.269,1
4.271000000000001,0
4.273,0
4.275,0
4.277,0
4.279,0
4.281000000000001,0
4.2829999999999995,0
4.285,0
4.287000000000001,1
4.289,0
4.291,0
4.293,0
4.295,0
4.297000000000001,0
4.2989999999999995,0
4.301,0
4.303000000000001,0
4.305,0
4.307,0
4.309,0
4.311,0
4.313000000000001,0
4.3149999999999995,0
4.317,0
4.319000000000001,0
4.321,0
4.323,0
4.325,0
4.327,0
4.329000000000001,0
4.3309999999999995,0
4.333,0
4.335000000000001,0
4.337,1
4.339,0
4.341,0
4.343,0
4.345000000000001,0
4.3469999999999995,0
4.349,0
4.351000000000001,0
4.353,0
4.355,0
4.356999999999999,0
4.359,1
4.361000000000001,0
4.3629999999999995,0
4.365,0
4.367,0
4.369,0
4.371,0
4.372999999999999,0
4.375,0
4.377000000000001,1
4.379,0
4.381,0
4.383,0
4.385,1
4.3870000000000005,0
4.388999999999999,0
4.391,0
4.393000000000001,0
4.395,1
4.397,1
4.399,0
4.401,0
4.4030000000000005,0
4.404999999999999,0
4.407,0
4.409000000000001,0
4.411,0
4.413,0
4.415,0
4.417,0
4.4190000000000005,0
4.420999999999999,0
4.423,0
4.425000000000001,0
4.427,0
4.429,0
4.431,0
4.433,0
4.4350000000000005,0
4.436999999999999,0
4.439,0
4.441000000000001,0
4.443,0
4.445,0
4.447,1
4.449,0
4.4510000000000005,0
4.452999999999999,0
4.455,0
4.457000000000001,0
4.459,0
4.461,0
4.463,0
4.465,0
4.4670000000000005,0
4.468999999999999,0
4.471,0
4.473000000000001,0
4.475,0
4.477,0
4.479,0
4.481,0
4.4830000000000005,0
4.484999999999999,0
4.487,0
4.489000000000001,0
4.491,0
4.493,0
4.495,0
4.497,0
4.4990000000000006,0
4.5009999999999994,0
4.503,0
4.505000000000001,0
4.507,0
4.509,0
4.511,0
4.513,0
4.515000000000001,0
4.5169999999999995,0
4.519,0
4.521000000000001,0
4.523,0
4.525,0
4.527,0
4.529,0
4.531000000000001,0
4.5329999999999995,0
4.535,0
4.537000000000001,0
4.539,0
4.541,0
4.543,0
4.545,0
4.547000000000001,0
4.5489999999999995,0
4.551,0
4.553000000000001,0
4.555,0
4.557,0
4.559,0
4.561,0
4.563000000000001,0
4.5649999999999995,0
4.567,0
4.569000000000001,0
4.571,0
4.573,0
4.575,0
4.577,0
4.579000000000001,1
4.5809999999999995,0
4.583,0
4.585000000000001,0
4.587,0
4.589,0
4.591,0
4.593,0
4.595000000000001,0
4.5969999999999995,0
4.599,0
4.601000000000001,0
4.603,0
4.605,0
4.607,0
4.609,1
4.611000000000001,0
4.6129999999999995,0
4.615,0
4.617,0
4.619,1
4.621,0
4.622999999999999,0
4.625,0
4.627000000000001,0
4.629,0
4.631,0
4.633,0
4.635,0
4.6370000000000005,0
4.638999999999999,0
4.641,0
4.643000000000001,0
4.645,1
4.647,0
4.649,0
4.651,0
4.6530000000000005,0
4.654999999999999,0
4.657,0
4.659000000000001,0
4.661,0
4.663,0
4.665,0
4.667,0
4.6690000000000005,0
4.670999999999999,0
4.673,0
4.675000000000001,0
4.677,0
4.679,0
4.681,0
4.683,0
4.6850000000000005,0
4.686999999999999,0
4.689,0
4.691000000000001,0
4.693,0
4.695,1
4.697,0
4.699,1
4.7010000000000005,0
4.702999999999999,0
4.705,0
4.707000000000001,0
4.709,0
4.711,0
4.713,0
4.715,0
4.7170000000000005,0
4.718999999999999,0
4.721,0
4.723000000000001,0
4.725,0
4.727,0
4.729,0
4.731,0
4.7330000000000005,0
4.734999999999999,0
4.737,0
4.739000000000001,0
4.741,0
4.743,0
4.745,0
4.747,0
4.7490000000000006,0
4.7509999999999994,0
4.753,0
4.755000000000001,0
4.757,1
4.759,0
4.761,1
4.763,0
4.765000000000001,0
4.7669999999999995,0
4.769,0
4.771000000000001,0
4.773,0
4.775,0
4.777,0
4.779,0
4.781000000000001,0
4.7829999999999995,0
4.785,0
4.787000000000001,0
4.789,0
4.791,0
4.793,1
4.795,0
4.797000000000001,0
4.7989999999999995,0
4.801,0
4.803000000000001,0
4.805,0
4.807,0
4.809,0
4.811,0
4.813000000000001,0
4.8149999999999995,0
4.817,0
4.819000000000001,0
4.821,0
4.823,0
4.825,0
4.827,0
4.829000000000001,0
4.8309999999999995,1
4.833,0
4.835000000000001,0
4.837,0
4.839,0
4.841,0
4.843,0
4.845000000000001,0
4.8469999999999995,0
4.849,0
4.851000000000001,0
4.853,0
4.855,0
4.857,1
4.859,0
4.861000000000001,0
4.8629999999999995,0
4.865,0
4.867,0
4.869,0
4.871,0
4.872999999999999,0
4.875,0
4.877000000000001,0
4.879,0
4.881,0
4.883,0
4.885,0
4.8870000000000005,0
4.888999999999999,0
4.891,0
4.893000000000001,0
4.895,0
4.897,0
4.899,0
4.901,0
4.9030000000000005,0
4.904999999999999,0
4.907,0
4.909000000000001,0
4.911,0
4.913,0
4.915,0
4.917,0
4.9190000000000005,0
4.920999999999999,0
4.923,0
4.925000000000001,0
4.927,1
4.929,0
4.931,0
4.933,0
4.9350000000000005,0
4.936999999999999,0
4.939,0
4.941000000000001,0
4.943,0
4.945,0
4.947,0
4.949,0
4.9510000000000005,0
4.952999999999999,0
4.955,0
4.957000000000001,0
4.959,0
4.961,0
4.963,0
4.965,0
4.9670000000000005,0
4.968999999999999,0
4.971,0
4.973000000000001,0
4.975,0
4.977,0
4.979,0
4.981,0
4.9830000000000005,0
4.984999999999999,0
4.987,0
4.989000000000001,0
4.991,0
4.993,0
4.995,0
4.997,0
4.9990000000000006,1
5.0009999999999994,0
5.003,0
5.005000000000001,0
5.007,0
5.009,0
5.011,0
5.013,0
5.015000000000001,0
5.0169999999999995,0
5.019,0
5.021000000000001,1
5.023,0
5.025,0
5.027,0
5.029,0
5.031000000000001,0
5.0329999999999995,0
5.035,0
5.037000000000001,0
5.039,0
5.041,0
5.043,0
5.045,0
5.047000000000001,1
5.0489999999999995,0
5.051,0
5.053000000000001,0
5.055,0
5.057,0
5.059,0
5.061,0
5.063000000000001,0
5.0649999999999995,0
5.067,0
5.069000000000001,0
5.071,0
5.073,1
5.075,0
5.077,0
5.079000000000001,0
5.0809999999999995,0
5.083,0
5.085000000000001,0
5.087,0
5.089,0
5.091,0
5.093,0
5.095000000000001,0
5.0969999999999995,0
5.099,0
5.101000000000001,0
5.103,0
5.105,0
5.107,0
5.109,0
5.111000000000001,0
5.1129999999999995,0
5.115,0
5.117000000000001,0
5.119,0
5.121,0
5.122999999999999,0
5.125,0
5.127000000000001,0
5.129,0
5.131,0
5.133,0
5.135,0
5.1370000000000005,0
5.138999999999999,0
5.141,0
5.143000000000001,0
5.145,0
5.147,0
5.149,0
5.151,0
5.1530000000000005,0
5.154999999999999,0
5.157,0
5.159000000000001,0
5.161,0
5.163,0
5.165,0
5.167,0
5.1690000000000005,0
5.170999999999999,0
5.173,0
5.175000000000001,0
5.177,0
5.179,0
5.181,0
5.183,0
5.1850000000000005,0
5.186999999999999,0
5.189,0
5.191000000000001,0
5.193,0
5.195,0
5.197,0
5.199,0
5.2010000000000005,0
5.202999999999999,0
5.205,0
5.207000000000001,0
5.209,0
5.211,0
5.213,0
5.215,0
5.2170000000000005,0
5.218999999999999,0
5.221,0
5.223000000000001,0
5.225,0
5.227,0
5.229,0
5.231,1
5.2330000000000005,0
5.234999999999999,0
5.237,0
5.239000000000001,0
5.241,0
5.243,0
5.245,0
5.247,0
5.2490000000000006,0
5.2509999999999994,0
5.253,0
5.255000000000001,0
5.257,0
5.259,0
5.261,1
5.263,0
5.265000000000001,0
5.2669999999999995,0
5.269,0
5.271000000000001,0
5.273,0
5.275,0
5.277,0
5.279,0
5.281000000000001,0
5.2829999999999995,0
5.285,0
5.287000000000001,0
5.289,0
5.291,1
5.293,0
5.295,0
5.297000000000001,0
5.2989999999999995,0
5.301,0
5.303000000000001,0
5.305,1
5.307,0
5.309,0
5.311,0
5.313000000000001,0
5.3149999999999995,0
5.317,0
5.319000000000001,0
5.321,0
5.323,0
5.325,0
5.327,1
5.329000000000001,0
5.3309999999999995,0
5.333,0
5.335000000000001,0
5.337,0
5.339,0
5.341,0
5.343,0
5.345000000000001,0
5.3469999999999995,0
5.349,0
5.351000000000001,0
5.353,0
5.355,0
5.357,0
5.359,0
5.361000000000001,0
5.3629999999999995,0
5.365,0
5.367000000000001,0
5.369,0
5.371,0
5.373,0
5.375,0
5.377000000000001,0
5.379,0
5.381,0
5.383,1
5.385,0
5.3870000000000005,0
5.388999999999999,0
5.391,0
5.393000000000001,0
5.395,0
5.397,0
5.399,0
5.401,0
5.4030000000000005,0
5.404999999999999,0
5.407,0
5.409000000000001,0
5.411,0
5.413,0
5.415,0
5.417,0
5.4190000000000005,1
5.420999999999999,0
5.423,0
5.425000000000001,0
5.427,0
5.429,0
5.431,0
5.433,0
5.4350000000000005,0
5.436999999999999,0
5.439,0
5.441000000000001,0
5.443,1
5.445,0
5.447,0
5.449,0
5.4510000000000005,0
5.452999999999999,0
5.455,0
5.457000000000001,0
5.459,1
5.461,0
5.463,0
5.465,0
5.4670000000000005,0
5.468999999999999,0
5.471,0
5.473000000000001,0
5.475,0
5.477,0
5.479,0
5.481,0
5.4830000000000005,0
5.484999999999999,0
5.487,0
5.489000000000001,0
5.491,0
5.493,0
5.495,0
5.497,2
5.4990000000000006,0
5.5009999999999994,0
5.503,0
5.505000000000001,0
5.507,0
5.509,0
5.511,0
5.513,0
5.515000000000001,0
5.5169999999999995,0
5.519,0
5.521000000000001,0
5.523,1
5.525,0
5.527,0
5.529,0
5.531000000000001,0
5.5329999999999995,0
5.535,0
5.537000000000001,0
5.539,0
5.541,0
5.543,0
5.545,0
5.547000000000001,0
5.5489999999999995,0
5.551,0
5.553000000000001,0
5.555,0
5.557,0
5.559,0
5.561,0
5.563000000000001,0
5.5649999999999995,1
5.567,0
5.569000000000001,0
5.571,0
5.573,0
5.575,0
5.577,0
5.579000000000001,1
5.5809999999999995,0
5.583,0
5.585000000000001,0
5.587,0
5.589,0
5.591,0
5.593,0
5.595000000000001,0
5.5969999999999995,0
5.599,0
5.601000000000001,0
5.603,0
5.605,0
5.607,0
5.609,0
5.611000000000001,0
5.6129999999999995,0
5.615,0
5.617000000000001,0
5.619,0
5.621,0
5.623,0
5.625,0
5.627000000000001,0
5.629,0
5.631,0
5.633,1
5.635,0
5.6370000000000005,0
5.638999999999999,0
5.641,0
5.643000000000001,0
5.645,0
5.647,0
5.649,0
5.651,0
5.6530000000000005,0
5.654999999999999,0
5.657,0
5.659000000000001,0
5.661,0
5.663,0
5.665,0
5.667,1
5.6690000000000005,0
5.670999999999999,0
5.673,0
5.675000000000001,0
5.677,0
5.679,0
5.681,0
5.683,0
5.6850000000000005,0
5.686999999999999,0
5.689,0
5.691000000000001,0
5.693,0
5.695,0
5.697,0
5.699,0
5.7010000000000005,0
5.702999999999999,0
5.705,0
5.707000000000001,0
5.709,0
5.711,0
5.713,0
5.715,0
5.7170000000000005,0
5.718999999999999,0
5.721,0
5.723000000000001,0
5.725,0
5.727,0
5.729,0
5.731,0
5.7330000000000005,0
5.734999999999999,0
5.737,0
5.739000000000001,0
5.741,0
5.743,0
5.745,0
5.747,0
5.7490000000000006,0
5.7509999999999994,0
5.753,0
5.755000000000001,0
5.757,0
5.759,0
5.761,0
5.763,0
5.765000000000001,0
5.7669999999999995,0
5.769,0
5.771000000000001,0
5.773,0
5.775,0
5.777,0
5.779,0
5.781000000000001,0
5.7829999999999995,0
5.785,0
5.787000000000001,0
5.789,0
5.791,0
5.793,0
5.795,0
5.797000000000001,0
5.7989999999999995,0
5.801,0
5.803000000000001,0
5.805,0
5.807,0
5.809,0
5.811,0
5.813000000000001,0
5.8149999999999995,0
5.817,0
5.819000000000001,0
5.821,0
5.823,0
5.825,0
5.827,0
5.829000000000001,0
5.8309999999999995,0
5.833,0
5.835000000000001,0
5.837,0
5.839,0
5.841,0
5.843,0
5.845000000000001,0
5.8469999999999995,0
5.849,0
5.851000000000001,0
5.853,0
5.855,0
5.857,0
5.859,0
5.861000000000001,0
5.8629999999999995,0
5.865,0
5.867000000000001,0
5.869,0
5.871,0
5.873,0
5.875,0
5.877000000000001,1
5.879,0
5.881,0
5.883000000000001,0
5.885,0
5.8870000000000005,0
5.888999999999999,0
5.891,0
5.893000000000001,0
5.895,0
5.897,0
5.899,0
5.901,0
5.9030000000000005,0
5.904999999999999,0
5.907,0
5.909000000000001,0
5.911,0
5.913,0
5.915,0
5.917,0
5.9190000000000005,0
5.920999999999999,0
5.923,0
5.925000000000001,0
5.927,0
5.929,0
5.931,0
5.933,0
5.9350000000000005,0
5.936999999999999,0
5.939,0
5.941000000000001,0
5.943,0
5.945,0
5.947,0
5.949,0
5.9510000000000005,0
5.952999999999999,0
5.955,0
5.957000000000001,0
5.959,0
5.961,0
5.963,0
5.965,0
5.9670000000000005,0
5.968999999999999,0
5.971,0
5.973000000000001,0
5.975,0
5.977,0
5.979,0
5.981,0
5.9830000000000005,0
5.984999999999999,0
5.987,0
5.989000000000001,0
5.991,0
5.993,0
5.995,0
5.997,0
5.9990000000000006,0
6.0009999999999994,0
6.003,0
6.005000000000001,0
6.007,0
6.009,0
6.011,0
6.013,0
6.015000000000001,0
6.0169999999999995,0
6.019,0
6.021000000000001,0
6.023,0
6.025,0
6.027,0
6.029,0
6.031000000000001,0
6.0329999999999995,0
6.035,0
6.037000000000001,0
6.039,0
6.041,0
6.043,0
6.045,0
6.047000000000001,0
6.0489999999999995,0
6.051,0
6.053000000000001,0
6.055,0
6.057,0
6.059,0
6.061,0
6.063000000000001,0
6.0649999999999995,0
6.067,0
6.069000000000001,0
6.071,0
6.073,0
6.075,0
6.077,0
6.079000000000001,0
6.0809999999999995,0
6.083,0
6.085000000000001,0
6.087,0
6.089,0
6.091,0
6.093,0
6.095000000000001,0
6.0969999999999995,0
6.099,0
6.101000000000001,0
6.103,0
6.105,0
6.107,0
6.109,0
6.111000000000001,0
6.1129999999999995,0
6.115,0
6.117000000000001,0
6.119,0
6.121,0
6.123,0
6.125,0
6.127000000000001,0
6.129,0
6.131,0
6.133000000000001,0
6.135,1
6.1370000000000005,0
6.139,0
6.141,0
6.143000000000001,0
6.145,0
6.147,0
6.149,0
6.151,0
6.1530000000000005,0
6.154999999999999,0
6.157,0
6.159000000000001,0
6.161,0
6.163,0
6.165,0
6.167,0
6.1690000000000005,0
6.170999999999999,0
6.173,0
6.175000000000001,0
6.177,0
6.179,0
6.181,0
6.183,0
6.1850000000000005,0
6.186999999999999,0
6.189,0
6.191000000000001,0
6.193,0
6.195,0
6.197,0
6.199,0
6.2010000000000005,0
6.202999999999999,0
6.205,0
6.207000000000001,0
6.209,0
6.211,0
6.213,0
6.215,0
6.2170000000000005,0
6.218999999999999,0
6.221,0
6.223000000000001,0
6.225,0
6.227,0
6.229,0
6.231,0
6.2330000000000005,0
6.234999999999999,0
6.237,0
6.239000000000001,0
6.241,0
6.243,0
6.245,0
6.247,0
6.2490000000000006,0
6.2509999999999994,0
6.253,0
6.255000000000001,0
6.257,0
6.259,0
6.261,0
6.263,0
6.265000000000001,0
6.2669999999999995,0
6.269,0
6.271000000000001,0
6.273,0
6.275,0
6.277,0
6.279,0
6.281000000000001,0
6.2829999999999995,0
6.285,0
6.287000000000001,0
6.289,0
6.291,0
6.293,0
6.295,0
6.297000000000001,0
6.2989999999999995,0
6.301,0
6.303000000000001,0
6.305,0
6.307,0
6.309,0
6.311,0
6.313000000000001,0
6.3149999999999995,0
6.317,0
6.319000000000001,0
6.321,0
6.323,0
6.325,0
6.327,0
6.329000000000001,0
6.3309999999999995,0
6.333,0
6.335000000000001,0
6.337,0
6.339,0
6.341,0
6.343,0
6.345000000000001,0
6.3469999999999995,0
6.349,0
6.351000000000001,0
6.353,0
6.355,0
6.357,0
6.359,0
6.361000000000001,0
6.3629999999999995,0
6.365,0
6.367000000000001,0
6.369,0
6.371,0
6.373,0
6.375,0
6.377000000000001,0
6.379,0
6.381,0
6.383000000000001,0
6.385,0
6.3870000000000005,0
6.389,0
6.391,0
6.393000000000001,0
6.395,0
6.397,0
6.399000000000001,0
6.401,0
6.4030000000000005,0
6.404999999999999,0
6.407,0
6.409000000000001,0
6.411,0
6.413,0
6.415,0
6.417,0
6.4190000000000005,0
6.420999999999999,0
6.423,0
6.425000000000001,0
6.427,0
6.429,0
6.431,0
6.433,0
6.4350000000000005,0
6.436999999999999,0
6.439,0
6.441000000000001,0
6.443,0
6.445,0
6.447,0
6.449,0
6.4510000000000005,0
6.452999999999999,0
6.455,0
6.457000000000001,0
6.459,0
6.461,0
6.463,0
6.465,0
6.4670000000000005,0
6.468999999999999,0
6.471,0
6.473000000000001,0
6.475,0
6.477,0
6.479,0
6.481,0
6.4830000000000005,0
6.484999999999999,0
6.487,0
6.489000000000001,0
6.491,0
6.493,0
6.495,0
6.497,0
6.4990000000000006,0
6.5009999999999994,0
6.503,0
6.505000000000001,0
6.507,0
6.509,0
6.511,0
6.513,0
6.515000000000001,0
6.5169999999999995,0
6.519,0
6.521000000000001,0
6.523,0
6.525,0
6.527,1
6.529,0
6.531000000000001,0
6.5329999999999995,0
6.535,0
6.537000000000001,0
6.539,0
6.541,0
6.543,0
6.545,0
6.547000000000001,0
6.5489999999999995,0
6.551,0
6.553000000000001,0
6.555,0
6.557,0
6.559,0
6.561,0
6.563000000000001,0
6.5649999999999995,0
6.567,0
6.569000000000001,0
6.571,0
6.573,0
6.575,0
6.577,0
6.579000000000001,0
6.5809999999999995,0
6.583,0
6.585000000000001,0
6.587,0
6.589,0
6.591,0
6.593,0
6.595000000000001,0
6.5969999999999995,0
6.599,0
6.601000000000001,0
6.603,0
6.605,0
6.607,0
6.609,0
6.611000000000001,0
6.6129999999999995,0
6.615,0
6.617000000000001,0
6.619,0
6.621,0
6.623,0
6.625,1
6.627000000000001,0
6.629,0
6.631,0
6.633000000000001,0
6.635,0
6.6370000000000005,0
6.639,0
6.641,0
6.643000000000001,0
6.645,0
6.647,0
6.649000000000001,0
6.651,0
6.6530000000000005,0
6.655,0
6.657,0
6.659000000000001,0
6.661,0
6.663,0
6.665,0
6.667,0
6.6690000000000005,0
6.670999999999999,0
6.673,0
6.675000000000001,0
6.677,0
6.679,0
6.681,0
6.683,0
6.6850000000000005,0
6.686999999999999,0
6.689,0
6.691000000000001,0
6.693,0
6.695,0
6.697,0
6.699,0
6.7010000000000005,0
6.702999999999999,0
6.705,0
6.707000000000001,0
6.709,0
6.711,0
6.713,0
6.715,0
6.7170000000000005,0
6.718999999999999,0
6.721,0
6.723000000000001,0
6.725,0
6.727,0
6.729,0
6.731,0
6.7330000000000005,0
6.734999999999999,0
6.737,0
6.739000000000001,0
6.741,0
6.743,0
6.745,0
6.747,0
6.7490000000000006,0
6.7509999999999994,0
6.753,0
6.755000000000001,0
6.757,0
6.759,0
6.761,0
6.763,0
6.765000000000001,0
6.7669999999999995,0
6.769,0
6.771000000000001,0
6.773,0
6.775,0
6.777,0
6.779,0
6.781000000000001,0
6.7829999999999995,0
6.785,0
6.787000000000001,0
6.789,0
6.791,0
6.793,0
6.795,0
6.797000000000001,0
6.7989999999999995,0
6.801,0
6.803000000000001,0
6.805,0
6.807,0
6.809,0
6.811,0
6.813000000000001,0
6.8149999999999995,0
6.817,0
6.819000000000001,0
6.821,0
6.823,0
6.825,0
6.827,0
6.829000000000001,0
6.8309999999999995,0
6.833,0
6.835000000000001,0
6.837,0
6.839,0
6.841,0
6.843,0
6.845000000000001,0
6.8469999999999995,0
6.849,0
6.851000000000001,0
6.853,0
6.855,0
6.857,0
6.859,0
6.861000000000001,0
6.8629999999999995,0
6.865,0
6.867000000000001,0
6.869,0
6.871,0
6.873,0
6.875,0
6.877000000000001,0
6.879,0
6.881,0
6.883000000000001,0
6.885,0
6.8870000000000005,0
6.889,0
6.891,0
6.893000000000001,0
6.895,0
6.897,0
6.899000000000001,0
6.901,0
6.9030000000000005,0
6.905,0
6.907,0
6.909000000000001,0
6.911,0
6.913,0
6.915,0
6.917,0
6.9190000000000005,0
6.920999999999999,0
6.923,0
6.925000000000001,0
6.927,0
6.929,0
6.931,0
6.933,0
6.9350000000000005,0
6.936999999999999,0
6.939,0
6.941000000000001,0
6.943,0
6.945,0
6.947,0
6.949,0
6.9510000000000005,0
6.952999999999999,0
6.955,0
6.957000000000001,0
6.959,0
6.961,0
6.963,0
6.965,0
6.9670000000000005,0
6.968999999999999,0
6.971,0
6.973000000000001,0
6.975,0
6.977,0
6.979,0
6.981,0
6.9830000000000005,0
6.984999999999999,0
6.987,0
6.989000000000001,0
6.991,0
6.993,0
6.995,0
6.997,0
6.9990000000000006,0
7.0009999999999994,0
7.003,0
7.005000000000001,0
7.007,0
7.009,1
7.011,0
7.013,0
7.015000000000001,0
7.0169999999999995,0
7.019,0
7.021000000000001,0
7.023,0
7.025,0
7.027,0
7.029,0
7.031000000000001,0
7.0329999999999995,0
7.035,0
7.037000000000001,0
7.039,0
7.041,0
7.043,0
7.045,0
7.047000000000001,0
7.0489999999999995,0
7.051,0
7.053000000000001,0
7.055,0
7.057,0
7.059,0
7.061,0
7.063000000000001,0
7.0649999999999995,0
7.067,0
7.069000000000001,0
7.071,0
7.073,0
7.075,0
7.077,0
7.079000000000001,0
7.0809999999999995,0
7.083,0
7.085000000000001,0
7.087,0
7.089,0
7.091,0
7.093,0
7.095000000000001,0
7.0969999999999995,0
7.099,0
7.101000000000001,0
7.103,0
7.105,0
7.107,0
7.109,0
7.111000000000001,0
7.1129999999999995,0
7.115,0
7.117000000000001,0
7.119,0
7.121,0
7.123,0
7.125,0
7.127000000000001,0
7.129,0
7.131,0
7.133000000000001,0
7.135,0
7.1370000000000005,0
7.139,0
7.141,0
7.143000000000001,0
7.145,0
7.147,0
7.149000000000001,1
7.151,0
7.1530000000000005,0
7.155,0
7.157,0
7.159000000000001,0
7.161,0
7.163,0
7.165000000000001,0
7.167,0
7.1690000000000005,0
7.170999999999999,0
7.173,0
7.175000000000001,0
7.177,0
7.179,0
7.181,0
7.183,0
7.1850000000000005,0
7.186999999999999,0
7.189,0
7.191000000000001,0
7.193,0
7.195,0
7.197,0
7.199,0
7.2010000000000005,0
7.202999999999999,0
7.205,0
7.207000000000001,0
7.209,0
7.211,0
7.213,0
7.215,0
7.2170000000000005,0
7.218999999999999,0
7.221,0
7.223000000000001,0
7.225,0
7.227,0
7.229,0
7.231,0
7.2330000000000005,0
7.234999999999999,0
7.237,0
7.239000000000001,0
7.241,0
7.243,0
7.245,0
7.247,0
7.2490000000000006,0
7.2509999999999994,0
7.253,0
7.255000000000001,0
7.257,0
7.259,0
7.261,0
7.263,0
7.265000000000001,0
7.2669999999999995,0
7.269,0
7.271000000000001,0
7.273,0
7.275,0
7.277,0
7.279,0
7.281000000000001,0
7.2829999999999995,0
7.285,0
7.287000000000001,0
7.289,0
7.291,0
7.293,0
7.295,0
7.297000000000001,0
7.2989999999999995,0
7.301,0
7.303000000000001,0
7.305,0
7.307,0
7.309,0
7.311,0
7.313000000000001,0
7.3149999999999995,0
7.317,0
7.319000000000001,0
7.321,0
7.323,0
7.325,0
7.327,0
7.329000000000001,0
7.3309999999999995,0
7.333,0
7.335000000000001,0
7.337,0
7.339,0
7.341,0
7.343,0
7.345000000000001,0
7.3469999999999995,0
7.349,0
7.351000000000001,0
7.353,0
7.355,0
7.357,0
7.359,0
7.361000000000001,0
7.3629999999999995,0
7.365,0
7.367000000000001,0
7.369,0
7.371,0
7.373,0
7.375,0
7.377000000000001,0
7.379,0
7.381,0
7.383000000000001,0
7.385,0
7.3870000000000005,0
7.389,0
7.391,0
7.393000000000001,0
7.395,0
7.397,0
7.399000000000001,0
7.401,0
7.4030000000000005,0
7.405,0
7.407,0
7.409000000000001,0
7.411,0
7.413,0
7.415000000000001,0
7.417,0
7.4190000000000005,0
7.421,0
7.423,0
7.425000000000001,0
7.427,0
7.429,0
7.431,0
7.433,0
7.4350000000000005,0
7.436999999999999,0
7.439,0
7.441000000000001,0
7.443,0
7.445,0
7.447,0
7.449,0
7.4510000000000005,0
7.452999999999999,0
7.455,0
7.457000000000001,0
7.459,0
7.461,0
7.463,0
7.465,0
7.4670000000000005,0
7.468999999999999,0
7.471,0
7.473000000000001,0
7.475,0
7.477,0
7.479,0
7.481,0
7.4830000000000005,0
7.484999999999999,0
7.487,0
7.489000000000001,0
7.491,0
7.493,0
7.495,0
7.497,0
7.4990000000000006,0
7.5009999999999994,0
7.503,0
7.505000000000001,0
7.507,0
7.509,0
7.511,0
7.513,0
7.515000000000001,0
7.5169999999999995,0
7.519,0
7.521000000000001,0
7.523,0
7.525,0
7.527,0
7.529,0
7.531000000000001,0
7.5329999999999995,0
7.535,0
7.537000000000001,0
7.539,0
7.541,0
7.543,1
7.545,0
7.547000000000001,0
7.5489999999999995,0
7.551,0
7.553000000000001,0
7.555,0
7.557,0
7.559,0
7.561,0
7.563000000000001,0
7.5649999999999995,0
7.567,0
7.569000000000001,0
7.571,0
7.573,0
7.575,0
7.577,0
7.579000000000001,0
7.5809999999999995,0
7.583,0
7.585000000000001,0
7.587,0
7.589,0
7.591,0
7.593,0
7.595000000000001,0
7.5969999999999995,0
7.599,0
7.601000000000001,0
7.603,0
7.605,0
7.607,0
7.609,0
7.611000000000001,0
7.6129999999999995,0
7.615,0
7.617000000000001,0
7.619,0
7.621,0
7.623,0
7.625,0
7.627000000000001,0
7.629,0
7.631,0
7.633000000000001,0
7.635,0
7.6370000000000005,0
7.639,0
7.641,0
7.643000000000001,0
7.645,0
7.647,0
7.649000000000001,0
7.651,0
7.6530000000000005,0
7.655,0
7.657,0
7.659000000000001,0
7.661,0
7.663,0
7.665000000000001,0
7.667,0
7.6690000000000005,0
7.671,0
7.673,0
7.675000000000001,0
7.677,0
7.679,0
7.681,0
7.683,0
7.6850000000000005,0
7.686999999999999,0
7.689,0
7.691000000000001,0
7.693,0
7.695,0
7.697,0
7.699,0
7.7010000000000005,0
7.702999999999999,0
7.705,0
7.707000000000001,0
7.709,0
7.711,0
7.713,0
7.715,0
7.7170000000000005,0
7.718999999999999,0
7.721,0
7.723000000000001,0
7.725,0
7.727,0
7.729,0
7.731,0
7.7330000000000005,0
7.734999999999999,0
7.737,0
7.739000000000001,0
7.741,0
7.743,0
7.745,0
7.747,0
7.7490000000000006,0
7.7509999999999994,0
7.753,0
7.755000000000001,0
7.757,0
7.759,0
7.761,0
7.763,0
7.765000000000001,0
7.7669999999999995,0
7.769,0
7.771000000000001,0
7.773,0
7.775,0
7.777,0
7.779,0
7.781000000000001,0
7.7829999999999995,0
7.785,0
7.787000000000001,0
7.789,0
7.791,0
7.793,0
7.795,0
7.797000000000001,0
7.7989999999999995,0
7.801,0
7.803000000000001,0
7.805,0
7.807,0
7.809,0
7.811,0
7.813000000000001,0
7.8149999999999995,0
7.817,0
7.819000000000001,0
7.821,0
7.823,0
7.825,0
7.827,0
7.829000000000001,0
7.8309999999999995,0
7.833,0
7.835000000000001,0
7.837,0
7.839,0
7.841,0
7.843,0
7.845000000000001,0
7.8469999999999995,0
7.849,0
7.851000000000001,0
7.853,0
7.855,0
7.857,0
7.859,0
7.861000000000001,0
7.8629999999999995,0
7.865,0
7.867000000000001,0
7.869,0
7.871,0
7.873,0
7.875,0
7.877000000000001,0
7.879,0
7.881,0
7.883000000000001,0
7.885,0
7.8870000000000005,0
7.889,0
7.891,0
7.893000000000001,0
7.895,0
7.897,0
7.899000000000001,0
7.901,0
7.9030000000000005,1
7.905,0
7.907,0
7.909000000000001,0
7.911,0
7.913,0
7.915000000000001,0
7.917,0
7.9190000000000005,0
7.921,0
7.923,0
7.925000000000001,0
7.927,0
7.929,0
7.931000000000001,0
7.933,0
7.9350000000000005,0
7.936999999999999,0
7.939,0
7.941000000000001,0
7.943,0
7.945,0
7.947,0
7.949,0
7.9510000000000005,0
7.952999999999999,0
7.955,0
7.957000000000001,0
7.959,0
7.961,0
7.963,0
7.965,0
7.9670000000000005,0
7.968999999999999,0
7.971,0
7.973000000000001,0
7.975,0
7.977,0
7.979,0
7.981,0
7.9830000000000005,0
7.984999999999999,0
7.987,0
7.989000000000001,0
7.991,0
7.993,0
7.995,0
7.997,0
7.9990000000000006,0
8.001000000000001,0
8.003,0
8.004999999999999,0
8.007000000000001,0
8.009,0
8.011,0
8.013,0
8.015,0
8.017,0
8.019,0
8.021,0
8.023,0
8.025,0
8.027000000000001,0
8.029,0
8.030999999999999,0
8.033000000000001,0
8.035,0
8.036999999999999,0
8.039000000000001,0
8.041,0
8.043,0
8.045,0
8.047,0
8.049,0
8.051,0
8.053,0
8.055,0
8.057,0
8.059000000000001,0
8.061,0
8.062999999999999,0
8.065000000000001,0
8.067,0
8.068999999999999,0
8.071000000000002,0
8.073,0
8.075,0
8.077,0
8.079,0
8.081,0
8.083,0
8.085,0
8.087,0
8.089,0
8.091000000000001,0
8.093,0
8.094999999999999,0
8.097000000000001,0
8.099,0
8.100999999999999,0
8.103000000000002,0
8.105,0
8.107,0
8.109,0
8.111,0
8.113,0
8.115,0
8.117,0
8.119,0
8.121,0
8.123000000000001,0
8.125,0
8.126999999999999,0
8.129000000000001,0
8.131,0
8.133,0
8.135000000000002,0
8.137,0
8.139,0
8.141,0
8.143,0
8.145,0
8.147,0
8.149000000000001,0
8.151,0
8.153,0
8.155000000000001,0
8.157,0
8.158999999999999,0
8.161000000000001,0
8.163,0
8.165,0
8.167000000000002,0
8.169,0
8.171,0
8.173,0
8.175,0
8.177,0
8.179,0
8.181000000000001,0
8.183,0
8.185,0
8.187000000000001,0
8.189,0
8.190999999999999,0
8.193000000000001,0
8.195,0
8.197,0
8.199,0
8.201,0
8.203,0
8.205,0
8.207,0
8.209,0
8.211,0
8.213000000000001,0
8.215,0
8.216999999999999,0
8.219000000000001,0
8.221,0
8.222999999999999,0
8.225000000000001,0
8.227,0
8.229,0
8.231,0
8.233,0
8.235,0
8.237,0
8.239,0
8.241,0
8.243,0
8.245000000000001,0
8.247,0
8.248999999999999,0
8.251000000000001,0
8.253,0
8.254999999999999,0
8.257000000000001,0
8.259,0
8.261,0
8.263,0
8.265,0
8.267,0
8.269,0
8.271,0
8.273,0
8.275,0
8.277000000000001,0
8.279,0
8.280999999999999,0
8.283000000000001,0
8.285,0
8.286999999999999,0
8.289000000000001,0
8.291,0
8.293,0
8.295,0
8.297,0
8.299,0
8.301,0
8.303,0
8.305,0
8.307,0
8.309000000000001,0
8.311,0
8.312999999999999,0
8.315000000000001,0
8.317,0
8.318999999999999,0
8.321000000000002,0
8.323,0
8.325,0
8.327,0
8.329,0
8.331,0
8.333,0
8.335,0
8.337,0
8.339,0
8.341000000000001,0
8.343,0
8.344999999999999,0
8.347000000000001,0
8.349,0
8.350999999999999,0
8.353000000000002,0
8.355,0
8.357,0
8.359,0
8.361,0
8.363,0
8.365,0
8.367,0
8.369,0
8.371,0
8.373000000000001,0
8.375,0
8.376999999999999,0
8.379000000000001,0
8.381,0
8.383,0
8.385000000000002,0
8.387,0
8.389,0
8.391,0
8.393,0
8.395,0
8.397,0
8.399000000000001,0
8.401,0
8.403,0
8.405000000000001,0
8.407,0
8.408999999999999,0
8.411000000000001,0
8.413,0
8.415,0
8.417000000000002,0
8.419,0
8.421,0
8.423,0
8.425,0
8.427,0
8.429,0
8.431000000000001,0
8.433,0
8.435,0
8.437000000000001,0
8.439,0
8.440999999999999,0
8.443000000000001,0
8.445,0
8.447,0
8.449,0
8.451,0
8.453,0
8.455,0
8.457,0
8.459,0
8.461,0
8.463000000000001,0
8.465,0
8.466999999999999,0
8.469000000000001,0
8.471,0
8.472999999999999,0
8.475000000000001,0
8.477,0
8.479,0
8.481,0
8.483,0
8.485,0
8.487,0
8.489,0
8.491,0
8.493,0
8.495000000000001,0
8.497,0
8.498999999999999,0
8.501000000000001,0
8.503,0
8.504999999999999,0
8.507000000000001,0
8.509,0
8.511,0
8.513,0
8.515,0
8.517,0
8.519,0
8.521,0
8.523,0
8.525,0
8.527000000000001,0
8.529,0
8.530999999999999,0
8.533000000000001,0
8.535,0
8.536999999999999,0
8.539000000000001,0
8.541,0
8.543,0
8.545,0
8.547,0
8.549,0
8.551,0
8.553,0
8.555,0
8.557,0
8.559000000000001,0
8.561,0
8.562999999999999,0
8.565000000000001,0
8.567,0
8.568999999999999,0
8.571000000000002,0
8.573,0
8.575,0
8.577,0
8.579,0
8.581,0
8.583,0
8.585,0
8.587,0
8.589,0
8.591000000000001,0
8.593,0
8.594999999999999,0
8.597000000000001,0
8.599,0
8.600999999999999,0
8.603000000000002,0
8.605,0
8.607,0
8.609,0
8.611,0
8.613,0
8.615,0
8.617,0
8.619,0
8.621,0
8.623000000000001,0
8.625,0
8.626999999999999,0
8.629000000000001,0
8.631,0
8.633,0
8.635000000000002,0
8.637,0
8.639,0
8.641,0
8.643,0
8.645,0
8.647,0
8.649000000000001,0
8.651,0
8.653,0
8.655000000000001,0
8.657,0
8.658999999999999,0
8.661000000000001,0
8.663,0
8.665,0
8.667000000000002,0
8.669,0
8.671,0
8.673,0
8.675,0
8.677,0
8.679,0
8.681000000000001,0
8.683,0
8.685,0
8.687000000000001,0
8.689,0
8.690999999999999,0
8.693000000000001,0
8.695,0
8.697,0
8.699000000000002,0
8.701,0
8.703,0
8.705,0
8.707,0
8.709,0
8.711,0
8.713000000000001,0
8.715,0
8.716999999999999,0
8.719000000000001,0
8.721,0
8.722999999999999,0
8.725000000000001,0
8.727,0
8.729,0
8.731,0
8.733,0
8.735,0
8.737,1
8.739,0
8.741,0
8.743,0
8.745000000000001,0
8.747,0
8.748999999999999,0
8.751000000000001,0
8.753,0
8.754999999999999,0
8.757000000000001,0
8.759,0
8.761,0
8.763,0
8.765,0
8.767,0
8.769,0
8.771,0
8.773,0
8.775,0
8.777000000000001,0
8.779,0
8.780999999999999,0
8.783000000000001,0
8.785,0
8.786999999999999,0
8.789000000000001,0
8.791,0
8.793,0
8.795,0
8.797,0
8.799,0
8.801,0
8.803,0
8.805,0
8.807,0
8.809000000000001,0
8.811,0
8.812999999999999,0
8.815000000000001,0
8.817,0
8.818999999999999,0
8.821000000000002,0
8.823,0
8.825,0
8.827,0
8.829,0
8.831,0
8.833,0
8.835,0
8.837,0
8.839,0
8.841000000000001,0
8.843,0
8.844999999999999,0
8.847000000000001,0
8.849,0
8.850999999999999,0
8.853000000000002,0
8.855,0
8.857,0
8.859,0
8.861,0
8.863,0
8.865,0
8.867,0
8.869,0
8.871,0
8.873000000000001,0
8.875,0
8.876999999999999,0
8.879000000000001,0
8.881,0
8.883,0
8.885000000000002,0
8.887,0
8.889,0
8.891,0
8.893,0
8.895,0
8.897,0
8.899000000000001,0
8.901,0
8.903,0
8.905000000000001,0
8.907,0
8.908999999999999,0
8.911000000000001,0
8.913,0
8.915,0
8.917000000000002,0
8.919,0
8.921,0
8.923,0
8.925,0
8.927,0
8.929,0
8.931000000000001,0
8.933,0
8.935,0
8.937000000000001,0
8.939,0
8.940999999999999,0
8.943000000000001,0
8.945,0
8.947,0
8.949000000000002,0
8.951,0
8.953,0
8.955,0
8.957,0
8.959,0
8.961,0
8.963000000000001,0
8.965,0
8.966999999999999,0
8.969000000000001,0
8.971,0
8.972999999999999,0
8.975000000000001,0
8.977,0
8.979,0
8.981,0
8.983,0
8.985,0
8.987,0
8.989,0
8.991,0
8.993,0
8.995000000000001,0
8.997,0
8.998999999999999,0
9.001000000000001,0
9.003,0
9.004999999999999,0
9.007000000000001,0
9.009,0
9.011,0
9.013,0
9.015,0
9.017,0
9.019,0
9.021,0
9.023,0
9.025,0
9.027000000000001,0
9.029,0
9.030999999999999,0
9.033000000000001,0
9.035,0
9.036999999999999,0
9.039000000000001,0
9.041,0
9.043,0
9.045,0
9.047,0
9.049,0
9.051,0
9.053,0
9.055,0
9.057,0
9.059000000000001,0
9.061,0
9.062999999999999,0
9.065000000000001,0
9.067,0
9.068999999999999,0
9.071000000000002,0
9.073,0
9.075,0
9.077,0
9.079,0
9.081,0
9.083,0
9.085,0
9.087,0
9.089,0
9.091000000000001,0
9.093,0
9.094999999999999,0
9.097000000000001,0
9.099,0
9.100999999999999,0
9.103000000000002,0
9.105,0
9.107,0
9.109,0
9.111,0
9.113,0
9.115,0
9.117,0
9.119,0
9.121,0
9.123000000000001,0
9.125,0
9.126999999999999,0
9.129000000000001,0
9.131,0
9.133,0
9.135000000000002,0
9.137,0
9.139,0
9.141,0
9.143,0
9.145,0
9.147,0
9.149000000000001,0
9.151,0
9.153,0
9.155000000000001,0
9.157,0
9.158999999999999,0
9.161000000000001,0
9.163,0
9.165,0
9.167000000000002,0
9.169,0
9.171,0
9.173,0
9.175,0
9.177,0
9.179,0
9.181000000000001,0
9.183,0
9.185,0
9.187000000000001,0
9.189,0
9.190999999999999,0
9.193000000000001,0
9.195,0
9.197,0
9.199000000000002,0
9.201,0
9.203,0
9.205,0
9.207,0
9.209,0
9.211,0
9.213000000000001,0
9.215,0
9.217,0
9.219000000000001,0
9.221,0
9.222999999999999,0
9.225000000000001,0
9.227,0
9.229,0
9.231,0
9.233,0
9.235,0
9.237,0
9.239,0
9.241,0
9.243,0
9.245000000000001,0
9.247,0
9.248999999999999,0
9.251000000000001,0
9.253,0
9.254999999999999,0
9.257000000000001,0
9.259,0
9.261,0
9.263,0
9.265,0
9.267,0
9.269,0
9.271,0
9.273,0
9.275,0
9.277000000000001,0
9.279,0
9.280999999999999,0
9.283000000000001,0
9.285,0
9.286999999999999,0
9.289000000000001,0
9.291,0
9.293,0
9.295,0
9.297,0
9.299,0
9.301,0
9.303,0
9.305,0
9.307,0
9.309000000000001,0
9.311,0
9.312999999999999,0
9.315000000000001,0
9.317,0
9.318999999999999,0
9.321000000000002,0
9.323,0
9.325,0
9.327,0
9.329,0
9.331,0
9.333,0
9.335,0
9.337,0
9.339,0
9.341000000000001,0
9.343,0
9.344999999999999,0
9.347000000000001,0
9.349,0
9.350999999999999,0
9.353000000000002,0
9.355,0
9.357,0
9.359,0
9.361,0
9.363,0
9.365,0
9.367,0
9.369,0
9.371,0
9.373000000000001,0
9.375,0
9.376999999999999,0
9.379000000000001,0
9.381,0
9.383,0
9.385000000000002,0
9.387,0
9.389,0
9.391,0
9.393,0
9.395,0
9.397,0
9.399000000000001,0
9.401,0
9.403,0
9.405000000000001,0
9.407,0
9.408999999999999,0
9.411000000000001,0
9.413,0
9.415,0
9.417000000000002,0
9.419,0
9.421,0
9.423,0
9.425,0
9.427,0
9.429,0
9.431000000000001,0
9.433,0
9.435,0
9.437000000000001,0
9.439,0
9.440999999999999,0
9.443000000000001,0
9.445,0
9.447,0
9.449000000000002,0
9.451,0
9.453,0
9.455,0
9.457,0
9.459,0
9.461,0
9.463000000000001,0
9.465,0
9.467,0
9.469000000000001,0
9.471,0
9.472999999999999,0
9.475000000000001,0
9.477,0
9.479,0
9.481,0
9.483,0
9.485,0
9.487,0
9.489,0
9.491,0
9.493,0
9.495000000000001,0
9.497,0
9.498999999999999,0
9.501000000000001,0
9.503,0
9.504999999999999,0
9.507000000000001,0
9.509,0
9.511,0
9.513,0
9.515,0
9.517,0
9.519,0
9.521,0
9.523,0
9.525,0
9.527000000000001,0
9.529,0
9.530999999999999,0
9.533000000000001,0
9.535,0
9.536999999999999,0
9.539000000000001,0
9.541,0
9.543,0
9.545,0
9.547,0
9.549,0
9.551,0
9.553,0
9.555,0
9.557,0
9.559000000000001,0
9.561,0
9.562999999999999,0
9.565000000000001,0
9.567,0
9.568999999999999,0
9.571000000000002,0
9.573,0
9.575,0
9.577,0
9.579,0
9.581,0
9.583,0
9.585,0
9.587,0
9.589,0
9.591000000000001,0
9.593,0
9.594999999999999,0
9.597000000000001,0
9.599,0
9.600999999999999,0
9.603000000000002,0
9.605,0
9.607,0
9.609,0
9.611,0
9.613,0
9.615,0
9.617,0
9.619,0
9.621,0
9.623000000000001,0
9.625,0
9.626999999999999,0
9.629000000000001,0
9.631,0
9.633,0
9.635000000000002,0
9.637,0
9.639,0
9.641,0
9.643,0
9.645,0
9.647,0
9.649000000000001,0
9.651,0
9.653,0
9.655000000000001,0
9.657,0
9.658999999999999,0
9.661000000000001,0
9.663,0
9.665,0
9.667000000000002,0
9.669,0
9.671,0
9.673,0
9.675,0
9.677,0
9.679,0
9.681000000000001,0
9.683,0
9.685,0
9.687000000000001,0
9.689,0
9.690999999999999,0
9.693000000000001,0
9.695,0
9.697,0
9.699000000000002,0
9.701,0
9.703,0
9.705,0
9.707,0
9.709,0
9.711,0
9.713000000000001,0
9.715,0
9.717,0
9.719000000000001,0
9.721,0
9.722999999999999,0
9.725000000000001,0
9.727,0
9.729,0
9.731,0
9.733,0
9.735,0
9.737,0
9.739,0
9.741,0
9.743,0
9.745000000000001,0
9.747,0
9.748999999999999,0
9.751000000000001,0
9.753,0
9.754999999999999,0
9.757000000000001,0
9.759,0
9.761,0
9.763,0
9.765,0
9.767,0
9.769,0
9.771,0
9.773,0
9.775,0
9.777000000000001,0
9.779,0
9.780999999999999,0
9.783000000000001,0
9.785,0
9.786999999999999,0
9.789000000000001,0
9.791,0
9.793,0
9.795,0
9.797,0
9.799,0
9.801,0
9.803,0
9.805,0
9.807,0
9.809000000000001,0
9.811,0
9.812999999999999,0
9.815000000000001,0
9.817,0
9.818999999999999,0
9.821000000000002,0
9.823,0
9.825,0
9.827,0
9.829,0
9.831,0
9.833,0
9.835,0
9.837,0
9.839,0
9.841000000000001,0
9.843,0
9.844999999999999,0
9.847000000000001,0
9.849,0
9.850999999999999,0
9.853000000000002,0
9.855,0
9.857,0
9.859,0
9.861,0
9.863,0
9.865,0
9.867,0
9.869,0
9.871,0
9.873000000000001,0
9.875,0
9.876999999999999,0
9.879000000000001,0
9.881,0
9.883,0
9.885000000000002,0
9.887,0
9.889,0
9.891,0
9.893,0
9.895,0
9.897,0
9.899000000000001,0
9.901,0
9.903,0
9.905000000000001,0
9.907,0
9.908999999999999,0
9.911000000000001,0
9.913,0
9.915,0
9.917000000000002,0
9.919,0
9.921,0
9.923,0
9.925,0
9.927,0
9.929,0
9.931000000000001,0
9.933,0
9.935,0
9.937000000000001,0
9.939,0
9.940999999999999,0
9.943000000000001,0
9.945,0
9.947,0
9.949000000000002,0
9.951,0
9.953,0
9.955,0
9.957,0
9.959,0
9.961,0
9.963000000000001,0
9.965,0
9.967,0
9.969000000000001,0
9.971,0
9.972999999999999,0
9.975000000000001,0
9.977,0
9.979,0
9.981000000000002,0
9.983,0
9.985,0
9.987,0
9.989,0
9.991,0
9.993,0
9.995000000000001,0
9.997,0
9.998999999999999,0
