Energy_MeV,W_0.1mm,W_0.25mm,W_0.5mm,W_1.0mm
0.001,0,0,12,4
0.003,0,0,36,8
0.005,0,0,52,25
0.007,3,0,110,55
0.009000000000000001,50,44,342,231
0.011,15,16,108,48
0.013000000000000001,12,11,74,46
0.015,10,12,85,48
0.017,15,12,112,55
0.019000000000000003,16,26,133,67
0.020999999999999998,31,21,163,73
0.023,37,21,198,90
0.025,27,33,235,122
0.027000000000000003,42,32,243,121
0.028999999999999998,49,46,273,145
0.031,52,45,339,163
0.033,69,52,389,176
0.035,71,51,458,190
0.037000000000000005,58,61,467,217
0.039,58,77,502,226
0.041,66,86,545,264
0.043,84,81,663,305
0.045,78,101,679,344
0.047,90,103,744,347
0.049,77,106,805,444
0.051000000000000004,80,108,899,491
0.053000000000000005,84,142,1023,543
0.055,78,115,1112,560
0.057,66,129,1276,692
0.059,321,955,12715,10566
0.061,71,130,1259,741
0.063,81,124,1297,795
0.065,67,114,1384,821
0.067,127,303,4645,4044
0.069,69,168,2122,1623
0.07100000000000001,33,42,275,119
0.07300000000000001,34,51,286,131
0.075,38,32,333,148
0.077,43,48,331,164
0.079,50,37,356,166
0.081,43,53,342,163
0.083,36,51,360,190
0.085,30,42,394,186
0.087,41,52,428,209
0.089,39,44,458,237
0.091,34,59,423,211
0.093,23,47,476,231
0.095,27,53,524,255
0.097,37,61,464,268
0.099,35,59,526,297
0.101,31,64,499,274
0.10300000000000001,28,57,562,316
0.10500000000000001,26,62,604,312
0.107,38,66,572,328
0.109,28,66,633,386
0.111,33,55,586,359
0.113,32,73,608,390
0.115,40,69,670,409
0.117,42,71,651,432
0.119,26,53,665,418
0.121,37,54,645,457
0.123,35,73,704,441
0.125,33,47,668,489
0.127,36,64,703,488
0.129,26,60,735,513
0.131,27,56,694,557
0.133,26,45,727,526
0.135,26,63,796,584
0.137,22,58,722,572
0.139,28,61,740,568
0.14100000000000001,35,52,822,590
0.14300000000000002,34,54,743,606
0.14500000000000002,35,58,790,628
0.147,31,58,744,654
0.149,21,60,793,593
0.151,20,66,800,640
0.153,27,45,828,648
0.155,24,38,753,694
0.157,18,48,785,686
0.159,28,47,781,723
0.161,19,56,856,725
0.163,23,56,800,726
0.165,33,51,806,759
0.167,28,53,744,707
0.169,29,65,776,747
0.171,32,54,832,767
0.17300000000000001,25,51,782,773
0.175,24,45,789,795
0.177,19,43,800,761
0.179,25,56,770,802
0.181,23,45,773,817
0.183,22,47,780,834
0.185,17,46,770,819
0.187,14,50,739,834
0.189,17,48,809,797
0.191,23,42,776,865
0.193,21,58,726,848
0.195,14,41,771,846
0.197,34,42,726,869
0.199,21,54,758,825
0.201,15,47,704,794
0.203,20,41,740,871
0.20500000000000002,20,51,712,824
0.20700000000000002,14,46,758,834
0.20900000000000002,15,35,769,847
0.211,16,52,737,825
0.213,16,48,751,862
0.215,18,37,720,859
0.217,17,43,716,828
0.219,12,50,734,819
0.221,28,48,713,832
0.223,16,31,737,892
0.225,25,40,695,849
0.227,12,46,706,831
0.229,16,40,698,864
0.231,19,47,657,885
0.233,18,41,658,852
0.23500000000000001,15,43,673,844
0.23700000000000002,18,49,665,843
0.239,14,38,725,840
0.241,11,44,625,793
0.243,15,34,660,785
0.245,16,39,640,833
0.247,18,40,623,798
0.249,10,45,669,842
0.251,20,38,575,776
0.253,20,40,671,800
0.255,11,33,602,772
0.257,10,40,610,838
0.259,18,38,619,838
0.261,17,34,686,876
0.263,9,32,637,765
0.265,22,34,639,816
0.267,11,38,582,749
0.269,14,47,644,806
0.271,10,32,666,778
0.273,21,45,576,784
0.275,10,36,583,775
0.277,17,27,625,758
0.279,14,24,599,783
0.281,20,43,575,759
0.28300000000000003,12,36,584,803
0.28500000000000003,5,40,562,790
0.28700000000000003,9,37,563,792
0.28900000000000003,13,35,562,728
0.291,10,34,532,753
0.293,16,25,577,788
0.295,6,33,546,728
0.297,16,42,584,760
0.299,13,26,581,686
0.301,13,25,560,783
0.303,11,30,523,747
0.305,17,37,525,743
0.307,11,27,559,710
0.309,6,27,512,668
0.311,12,34,497,691
0.313,11,18,507,694
0.315,11,33,477,685
0.317,12,31,480,698
0.319,11,29,475,696
0.321,6,26,496,692
0.323,15,30,521,687
0.325,11,24,500,702
0.327,9,23,476,716
0.329,14,30,484,644
0.331,13,20,506,651
0.333,9,20,473,676
0.335,15,23,468,677
0.337,6,34,481,643
0.339,7,29,485,682
0.341,11,27,493,715
0.343,8,28,486,662
0.34500000000000003,13,27,496,603
0.34700000000000003,17,29,431,636
0.34900000000000003,13,36,493,652
0.351,12,25,467,632
0.353,5,28,452,690
0.355,9,20,431,642
0.357,8,25,467,620
0.359,13,23,457,664
0.361,10,23,406,578
0.363,8,26,417,648
0.365,13,20,462,607
0.367,10,25,457,622
0.369,11,20,446,619
0.371,7,23,384,581
0.373,10,21,427,618
0.375,10,28,420,653
0.377,9,26,414,576
0.379,8,25,409,595
0.381,8,20,424,583
0.383,12,25,410,577
0.385,12,22,421,610
0.387,10,24,429,617
0.389,8,21,394,570
0.391,5,24,424,614
0.393,7,21,406,573
0.395,6,31,405,554
0.397,6,23,409,625
0.399,6,19,362,534
0.401,11,28,389,552
0.403,5,18,375,542
0.405,5,18,391,553
0.40700000000000003,6,19,356,573
0.40900000000000003,7,23,399,565
0.41100000000000003,11,13,372,561
0.41300000000000003,4,21,388,540
0.41500000000000004,6,20,356,546
0.41700000000000004,10,15,354,515
0.419,4,20,337,542
0.421,8,22,361,554
0.423,7,18,381,493
0.425,10,21,350,536
0.427,8,23,355,537
0.429,14,11,355,518
0.431,7,23,339,565
0.433,9,17,371,531
0.435,3,24,373,511
0.437,7,17,376,507
0.439,11,21,351,528
0.441,8,17,340,505
0.443,3,20,329,528
0.445,6,17,366,503
0.447,6,20,363,489
0.449,5,18,314,487
0.451,10,16,343,498
0.453,6,16,313,471
0.455,8,18,324,464
0.457,10,26,327,455
0.459,7,23,330,479
0.461,7,27,347,485
0.463,7,16,304,440
0.465,5,18,330,497
0.467,6,16,310,464
0.46900000000000003,9,21,288,467
0.47100000000000003,7,11,332,466
0.47300000000000003,4,17,296,427
0.47500000000000003,10,19,329,480
0.47700000000000004,7,9,314,469
0.479,8,14,290,489
0.481,8,12,323,448
0.483,4,23,298,490
0.485,7,8,299,421
0.487,8,10,294,415
0.489,8,21,271,478
0.491,11,12,309,440
0.493,5,14,293,449
0.495,7,22,317,443
0.497,7,19,318,411
0.499,6,15,283,474
0.501,6,12,311,438
0.503,1,17,261,443
0.505,6,16,278,443
0.507,7,12,269,418
0.509,6,15,281,434
0.511,4,19,357,836
0.513,7,12,292,413
0.515,5,13,286,447
0.517,6,11,257,393
0.519,4,16,250,424
0.521,7,15,272,411
0.523,10,14,259,400
0.525,6,15,281,416
0.527,7,15,281,436
0.529,3,14,264,385
0.531,3,14,246,399
0.533,9,11,259,386
0.535,6,14,275,388
0.537,13,9,263,416
0.539,10,14,253,376
0.541,6,8,270,390
0.543,7,19,245,400
0.545,6,19,254,375
0.547,4,19,268,375
0.549,5,15,243,373
0.551,5,11,257,386
0.553,5,12,271,408
0.555,5,16,273,388
0.557,3,6,220,394
0.559,8,15,229,405
0.561,5,13,225,348
0.5630000000000001,5,12,283,366
0.5650000000000001,6,10,214,357
0.5670000000000001,8,15,214,383
0.5690000000000001,6,11,232,343
0.5710000000000001,6,15,233,361
0.5730000000000001,4,16,234,347
0.5750000000000001,7,15,239,360
0.577,2,12,229,369
0.579,4,16,239,336
0.581,4,10,222,317
0.583,4,11,237,329
0.585,2,14,236,336
0.587,3,13,248,349
0.589,4,15,227,298
0.591,6,17,208,344
0.593,7,7,211,353
0.595,4,12,218,364
0.597,3,13,201,335
0.599,7,10,229,318
0.601,2,11,209,376
0.603,4,13,224,332
0.605,5,15,203,326
0.607,3,6,203,352
0.609,2,10,213,307
0.611,3,13,189,314
0.613,7,12,200,326
0.615,5,7,232,293
0.617,3,10,216,323
0.619,2,12,191,332
0.621,6,9,198,299
0.623,4,6,212,301
0.625,8,6,211,301
0.627,10,9,202,323
0.629,2,20,195,332
0.631,3,15,211,323
0.633,5,11,204,361
0.635,5,8,180,288
0.637,6,15,195,289
0.639,4,10,228,305
0.641,3,14,212,282
0.643,3,10,204,284
0.645,5,10,196,298
0.647,8,9,187,303
0.649,3,13,193,314
0.651,2,7,213,279
0.653,8,5,194,285
0.655,2,9,196,326
0.657,4,12,174,289
0.659,5,15,194,302
0.661,8,13,186,294
0.663,5,9,174,296
0.665,1,12,225,301
0.667,3,13,192,288
0.669,3,13,186,256
0.671,10,15,185,280
0.673,7,11,178,288
0.675,3,9,191,252
0.677,2,10,177,267
0.679,6,10,168,278
0.681,2,5,202,275
0.683,7,10,177,272
0.685,4,3,198,254
0.687,4,11,172,266
0.6890000000000001,2,7,191,263
0.6910000000000001,2,8,202,270
0.6930000000000001,6,9,178,247
0.6950000000000001,5,7,187,275
0.6970000000000001,4,7,186,259
0.6990000000000001,4,10,182,255
0.7010000000000001,4,12,177,300
0.7030000000000001,4,11,153,258
0.705,3,7,167,254
0.707,2,11,166,267
0.709,4,9,147,253
0.711,3,9,166,251
0.713,4,8,173,271
0.715,6,10,143,243
0.717,5,10,175,267
0.719,2,15,165,279
0.721,2,11,164,239
0.723,5,18,169,268
0.725,6,6,164,249
0.727,7,9,183,248
0.729,3,7,177,225
0.731,2,10,169,275
0.733,3,6,191,214
0.735,5,6,156,236
0.737,2,5,152,260
0.739,3,4,170,246
0.741,5,2,176,233
0.743,3,9,166,265
0.745,1,8,170,223
0.747,3,10,164,239
0.749,7,10,133,251
0.751,6,6,144,230
0.753,2,8,148,237
0.755,4,5,155,221
0.757,3,12,140,257
0.759,3,8,148,235
0.761,5,7,148,199
0.763,4,8,149,238
0.765,1,10,155,239
0.767,4,4,155,246
0.769,3,6,136,229
0.771,3,4,133,234
0.773,1,10,135,243
0.775,7,8,154,223
0.777,1,13,149,232
0.779,1,10,151,214
0.781,1,7,137,216
0.783,4,6,121,215
0.785,4,6,153,233
0.787,2,8,140,203
0.789,2,6,129,222
0.791,1,4,135,210
0.793,4,16,159,206
0.795,0,8,135,191
0.797,3,10,144,232
0.799,2,2,138,224
0.801,3,8,136,199
0.803,3,9,134,235
0.805,4,6,137,197
0.807,5,7,151,214
0.809,5,3,156,206
0.811,0,3,144,196
0.8130000000000001,0,7,137,229
0.8150000000000001,2,8,135,230
0.8170000000000001,6,11,138,230
0.8190000000000001,3,9,124,223
0.8210000000000001,3,5,140,219
0.8230000000000001,2,4,135,217
0.8250000000000001,1,8,139,199
0.8270000000000001,0,7,142,213
0.8290000000000001,6,3,133,196
0.8310000000000001,1,8,150,222
0.833,1,4,126,206
0.835,0,10,151,214
0.837,5,7,122,209
0.839,3,12,159,184
0.841,4,6,146,177
0.843,4,4,118,190
0.845,4,4,120,221
0.847,3,3,134,205
0.849,2,3,139,193
0.851,3,2,110,204
0.853,2,4,129,191
0.855,2,7,133,182
0.857,6,3,126,191
0.859,1,11,109,176
0.861,2,9,105,205
0.863,2,3,145,191
0.865,2,12,122,175
0.867,3,4,123,202
0.869,2,8,111,174
0.871,1,9,126,176
0.873,0,8,125,196
0.875,1,9,123,199
0.877,3,7,118,188
0.879,0,7,139,194
0.881,0,3,104,204
0.883,6,10,100,197
0.885,2,10,109,210
0.887,2,6,107,198
0.889,0,4,97,182
0.891,4,8,136,175
0.893,0,7,121,181
0.895,2,8,125,149
0.897,4,10,118,197
0.899,2,5,116,189
0.901,4,4,139,190
0.903,3,4,125,175
0.905,5,9,112,180
0.907,4,4,128,180
0.909,1,5,98,163
0.911,4,5,102,168
0.913,4,7,111,202
0.915,4,3,92,178
0.917,0,4,104,196
0.919,2,9,94,177
0.921,2,6,98,182
0.923,4,9,127,150
0.925,3,6,118,168
0.927,1,4,93,178
0.929,1,4,119,171
0.931,1,5,127,175
0.933,2,7,125,176
0.935,1,6,100,193
0.937,4,5,103,165
0.9390000000000001,0,6,94,169
0.9410000000000001,0,5,108,184
0.9430000000000001,2,5,105,141
0.9450000000000001,0,7,104,180
0.9470000000000001,2,5,95,180
0.9490000000000001,4,5,113,160
0.9510000000000001,2,5,97,162
0.9530000000000001,0,4,111,186
0.9550000000000001,1,6,113,167
0.9570000000000001,2,6,106,168
0.9590000000000001,1,2,114,156
0.961,3,2,111,164
0.963,3,5,102,156
0.965,4,9,105,182
0.967,1,0,131,166
0.969,4,6,99,159
0.971,0,8,102,174
0.973,5,7,115,162
0.975,1,9,101,146
0.977,2,4,98,165
0.979,1,6,99,150
0.981,1,5,108,184
0.983,0,6,103,143
0.985,3,3,109,134
0.987,0,10,89,151
0.989,1,2,105,161
0.991,0,4,94,185
0.993,2,8,117,145
0.995,3,4,93,160
0.997,3,3,112,143
0.999,4,6,87,163
1.001,1,4,94,132
1.0030000000000001,2,6,94,154
1.005,1,4,85,143
1.0070000000000001,1,12,97,135
1.009,1,6,85,155
1.0110000000000001,1,4,74,150
1.013,1,7,95,145
1.0150000000000001,0,8,69,137
1.017,1,5,96,169
1.0190000000000001,0,7,104,132
1.021,1,9,85,134
1.0230000000000001,0,4,93,168
1.025,3,3,83,150
1.0270000000000001,0,7,89,161
1.029,4,5,89,141
1.0310000000000001,1,4,97,131
1.033,3,2,93,163
1.0350000000000001,2,9,85,130
1.037,1,4,77,159
1.0390000000000001,4,3,81,142
1.041,1,6,101,150
1.0430000000000001,3,4,87,152
1.045,3,1,105,140
1.0470000000000002,1,0,94,142
1.049,1,3,92,133
1.0510000000000002,4,6,100,121
1.053,2,1,104,144
1.0550000000000002,3,3,90,132
1.057,1,3,95,132
1.0590000000000002,1,5,74,124
1.061,2,5,75,135
1.0630000000000002,2,7,83,135
1.065,1,1,88,141
1.0670000000000002,0,2,91,154
1.069,3,6,81,138
1.0710000000000002,2,5,78,139
1.073,4,1,85,143
1.0750000000000002,1,5,80,128
1.077,1,7,89,139
1.0790000000000002,3,3,97,110
1.081,1,3,78,139
1.0830000000000002,2,5,92,136
1.085,0,4,66,136
1.0870000000000002,1,4,88,102
1.089,0,9,80,147
1.0910000000000002,2,8,72,159
1.093,0,5,71,143
1.0950000000000002,3,6,79,107
1.097,0,2,91,122
1.0990000000000002,1,2,86,132
1.101,0,4,105,135
1.1030000000000002,2,8,76,106
1.105,4,7,88,139
1.1070000000000002,3,8,77,124
1.109,0,6,74,118
1.1110000000000002,1,3,65,117
1.113,0,4,81,123
1.1150000000000002,4,2,82,131
1.117,1,5,58,138
1.1190000000000002,4,2,86,137
1.121,2,9,71,124
1.1230000000000002,3,2,89,119
1.125,0,5,82,107
1.1270000000000002,2,5,81,129
1.129,2,4,75,127
1.1310000000000002,2,4,75,119
1.133,4,3,94,114
1.1350000000000002,2,4,84,133
1.137,1,3,79,124
1.1390000000000002,2,2,70,142
1.141,1,2,77,120
1.1430000000000002,3,3,68,122
1.145,1,6,85,126
1.1470000000000002,3,10,84,118
1.149,0,4,76,134
1.1510000000000002,4,1,73,113
1.153,0,6,69,127
1.1549999999999998,2,3,78,132
1.157,1,6,66,123
1.1589999999999998,0,3,75,122
1.161,1,5,85,115
1.1629999999999998,1,1,70,145
1.165,1,5,64,110
1.1669999999999998,1,2,74,129
1.169,2,3,71,112
1.1709999999999998,1,4,72,112
1.173,1,2,68,105
1.1749999999999998,0,6,77,117
1.177,1,6,83,115
1.1789999999999998,0,0,86,104
1.181,1,2,66,122
1.1829999999999998,2,6,70,117
1.185,0,4,60,121
1.1869999999999998,2,7,78,117
1.189,3,4,61,116
1.1909999999999998,1,3,71,104
1.193,5,2,61,112
1.1949999999999998,1,5,75,142
1.197,2,0,67,103
1.1989999999999998,0,4,64,105
1.201,0,3,73,110
1.2029999999999998,2,4,74,114
1.205,1,4,79,104
1.2069999999999999,0,3,67,101
1.209,1,5,66,118
1.2109999999999999,0,1,52,113
1.213,2,5,55,118
1.2149999999999999,2,7,72,110
1.217,1,2,79,97
1.2189999999999999,1,4,60,112
1.221,2,3,76,128
1.2229999999999999,2,4,61,117
1.225,1,1,59,100
1.2269999999999999,1,3,56,93
1.229,3,3,68,78
1.2309999999999999,2,0,59,122
1.233,1,4,54,98
1.2349999999999999,2,3,62,101
1.237,2,5,56,106
1.2389999999999999,2,2,61,111
1.241,1,4,63,92
1.2429999999999999,3,1,68,93
1.245,2,3,63,120
1.2469999999999999,1,4,70,104
1.249,1,5,78,119
1.251,2,2,56,111
1.2530000000000001,1,4,79,109
1.255,1,4,60,114
1.2570000000000001,2,5,60,96
1.259,1,6,69,89
1.2610000000000001,1,1,63,120
1.263,2,6,67,111
1.2650000000000001,0,2,61,88
1.267,2,5,48,113
1.2690000000000001,1,3,56,97
1.271,2,4,58,93
1.2730000000000001,2,4,68,100
1.275,1,1,65,108
1.2770000000000001,2,2,52,110
1.279,0,2,62,97
1.2810000000000001,3,1,58,87
1.283,2,2,65,99
1.2850000000000001,1,3,70,103
1.287,0,1,58,100
1.2890000000000001,0,2,66,104
1.291,0,6,63,107
1.2930000000000001,0,3,71,98
1.295,2,2,70,94
1.2970000000000002,1,4,52,96
1.299,0,2,53,103
1.3010000000000002,1,1,72,89
1.303,1,4,63,112
1.3050000000000002,0,0,65,98
1.307,0,3,46,98
1.3090000000000002,0,6,47,118
1.311,0,4,67,95
1.3130000000000002,2,3,49,97
1.315,1,1,70,92
1.3170000000000002,0,3,41,97
1.319,0,4,66,98
1.3210000000000002,2,3,58,93
1.323,0,1,64,88
1.3250000000000002,1,2,54,105
1.327,0,2,56,94
1.3290000000000002,1,6,48,90
1.331,3,3,53,94
1.3330000000000002,0,1,53,93
1.335,2,1,59,100
1.3370000000000002,0,0,58,89
1.339,2,0,71,107
1.3410000000000002,0,3,49,93
1.343,2,4,54,90
1.3450000000000002,2,3,54,88
1.347,0,2,50,80
1.3490000000000002,1,4,56,76
1.351,1,1,70,89
1.3530000000000002,1,3,73,89
1.355,2,4,56,91
1.3570000000000002,1,4,64,103
1.359,0,6,60,94
1.3610000000000002,1,3,46,80
1.363,2,3,51,85
1.3650000000000002,3,2,69,99
1.367,0,3,49,79
1.3690000000000002,1,3,41,91
1.371,0,1,57,103
1.3730000000000002,1,1,68,77
1.375,2,5,53,74
1.3770000000000002,0,0,53,79
1.379,1,0,55,81
1.3810000000000002,1,0,50,88
1.383,0,3,52,88
1.3850000000000002,2,1,49,88
1.387,0,0,72,80
1.3890000000000002,2,4,43,95
1.391,1,2,51,82
1.3930000000000002,0,2,56,100
1.395,1,1,60,73
1.3970000000000002,0,1,52,91
1.399,2,1,54,82
1.4010000000000002,0,2,59,81
1.403,1,8,53,80
1.4050000000000002,0,5,51,77
1.407,0,2,46,81
1.4089999999999998,1,5,51,68
1.411,1,1,46,83
1.4129999999999998,0,4,59,68
1.415,3,3,59,71
1.4169999999999998,1,4,62,85
1.419,2,3,45,85
1.4209999999999998,0,2,55,92
1.423,0,2,53,101
1.4249999999999998,2,2,48,95
1.427,0,2,49,79
1.4289999999999998,0,1,43,82
1.431,2,2,41,86
1.4329999999999998,1,0,40,76
1.435,1,3,44,82
1.4369999999999998,0,1,48,80
1.439,1,3,49,81
1.4409999999999998,0,1,54,98
1.443,1,2,50,86
1.4449999999999998,0,3,63,83
1.447,1,3,44,96
1.4489999999999998,0,5,38,76
1.451,1,4,69,73
1.4529999999999998,0,4,48,82
1.455,0,6,68,81
1.4569999999999999,1,5,52,74
1.459,0,2,47,93
1.4609999999999999,2,0,58,77
1.463,0,5,47,81
1.4649999999999999,1,4,50,87
1.467,4,1,51,96
1.4689999999999999,1,2,46,82
1.471,2,2,53,78
1.4729999999999999,1,2,39,76
1.475,0,1,46,80
1.4769999999999999,4,2,53,67
1.479,1,3,51,75
1.4809999999999999,0,8,50,67
1.483,0,3,47,75
1.4849999999999999,1,1,53,93
1.487,2,3,45,77
1.4889999999999999,1,3,51,90
1.491,0,2,50,65
1.4929999999999999,1,2,57,75
1.495,2,2,47,91
1.4969999999999999,0,3,46,58
1.499,1,2,52,87
1.501,1,4,61,71
1.5030000000000001,1,4,51,66
1.505,0,3,44,68
1.5070000000000001,0,2,44,66
1.509,1,2,44,85
1.5110000000000001,2,2,39,70
1.513,2,0,36,75
1.5150000000000001,0,2,40,62
1.517,1,4,46,74
1.5190000000000001,2,4,47,78
1.521,0,5,36,72
1.5230000000000001,1,3,53,62
1.525,2,3,35,67
1.5270000000000001,0,1,37,73
1.529,3,3,41,72
1.5310000000000001,0,1,43,86
1.533,1,2,31,64
1.5350000000000001,0,2,40,75
1.537,1,1,45,72
1.5390000000000001,1,2,40,59
1.541,0,2,33,74
1.5430000000000001,1,1,50,83
1.545,1,4,44,76
1.5470000000000002,0,0,34,75
1.549,0,2,35,74
1.5510000000000002,1,3,46,74
1.553,2,1,49,57
1.5550000000000002,1,4,48,72
1.557,1,1,48,68
1.5590000000000002,0,4,48,62
1.561,1,1,44,80
1.5630000000000002,2,2,42,75
1.565,0,3,37,81
1.5670000000000002,3,1,51,68
1.569,1,1,41,61
1.5710000000000002,2,0,44,89
1.573,0,0,41,73
1.5750000000000002,2,1,39,73
1.577,0,3,58,67
1.5790000000000002,0,6,36,67
1.581,1,2,33,68
1.5830000000000002,0,2,45,71
1.585,1,3,44,72
1.5870000000000002,2,2,43,63
1.589,0,2,51,68
1.5910000000000002,0,1,35,60
1.593,0,2,52,68
1.5950000000000002,0,3,45,72
1.597,0,1,26,59
1.5990000000000002,1,2,35,70
1.601,2,1,39,68
1.6030000000000002,1,3,30,64
1.605,2,2,40,71
1.6070000000000002,0,4,39,70
1.609,2,1,27,70
1.6110000000000002,1,0,38,81
1.613,0,4,40,52
1.6150000000000002,0,0,60,70
1.617,0,0,35,66
1.6190000000000002,1,2,41,51
1.621,1,2,44,64
1.6230000000000002,2,1,24,59
1.625,0,4,40,73
1.6270000000000002,0,3,30,79
1.629,1,0,36,65
1.6310000000000002,1,1,34,51
1.633,0,2,39,63
1.6350000000000002,1,4,45,73
1.637,1,4,37,48
1.6390000000000002,0,1,29,62
1.641,0,2,34,66
1.6430000000000002,0,1,38,64
1.645,0,3,33,73
1.6470000000000002,1,2,40,66
1.649,1,2,41,65
1.6510000000000002,1,1,49,55
1.653,2,4,33,57
1.6550000000000002,0,0,34,57
1.657,0,2,33,70
1.6590000000000003,2,4,44,63
1.661,1,0,28,72
1.6630000000000003,3,3,43,67
1.665,0,1,41,65
1.6669999999999998,0,1,44,52
1.669,0,0,46,63
1.6709999999999998,1,1,49,65
1.673,1,2,36,68
1.6749999999999998,2,4,28,46
1.677,0,1,42,62
1.6789999999999998,3,0,37,64
1.681,0,3,31,58
1.6829999999999998,0,3,35,67
1.685,0,4,54,52
1.6869999999999998,2,0,39,54
1.689,0,2,36,66
1.6909999999999998,2,2,27,60
1.693,0,2,28,65
1.6949999999999998,1,7,47,61
1.697,0,3,37,58
1.6989999999999998,3,5,34,53
1.701,0,1,40,67
1.7029999999999998,1,1,33,56
1.705,3,4,37,49
1.7069999999999999,1,1,35,55
1.709,2,2,38,51
1.7109999999999999,0,3,38,52
1.713,0,1,57,49
1.7149999999999999,0,2,48,48
1.717,0,0,33,63
1.7189999999999999,1,2,35,68
1.721,1,1,34,57
1.7229999999999999,1,2,26,47
1.725,1,1,32,59
1.7269999999999999,1,1,28,57
1.729,0,1,34,58
1.7309999999999999,3,1,34,61
1.733,0,5,40,45
1.7349999999999999,0,1,37,63
1.737,0,2,37,55
1.7389999999999999,0,1,43,48
1.741,0,2,28,57
1.7429999999999999,0,0,41,51
1.745,1,2,34,41
1.7469999999999999,0,2,31,59
1.749,0,3,35,77
1.751,0,0,47,50
1.7530000000000001,0,2,31,56
1.755,1,1,44,48
1.7570000000000001,1,1,30,66
1.759,1,1,34,53
1.7610000000000001,0,5,28,56
1.763,0,2,34,62
1.7650000000000001,0,3,39,54
1.767,0,1,46,60
1.7690000000000001,0,0,44,43
1.771,0,1,32,54
1.7730000000000001,1,1,29,59
1.775,0,2,22,55
1.7770000000000001,1,0,28,45
1.779,0,1,29,51
1.7810000000000001,0,0,28,55
1.783,0,1,28,55
1.7850000000000001,1,2,26,54
1.787,0,2,41,43
1.7890000000000001,0,0,40,74
1.791,1,5,35,45
1.7930000000000001,1,0,40,56
1.795,1,3,28,60
1.7970000000000002,0,0,37,57
1.799,0,0,38,45
1.8010000000000002,0,1,38,57
1.803,0,1,33,53
1.8050000000000002,3,1,37,50
1.807,1,1,34,55
1.8090000000000002,0,3,31,50
1.811,1,4,31,44
1.8130000000000002,0,3,24,58
1.815,0,1,35,58
1.8170000000000002,2,4,29,62
1.819,1,0,34,53
1.8210000000000002,1,0,30,49
1.823,1,1,26,56
1.8250000000000002,1,2,38,51
1.827,3,2,34,52
1.8290000000000002,0,2,29,50
1.831,2,2,25,57
1.8330000000000002,0,0,30,52
1.835,0,1,21,58
1.8370000000000002,1,2,28,42
1.839,1,1,36,54
1.8410000000000002,1,1,28,48
1.843,1,2,32,54
1.8450000000000002,1,1,25,43
1.847,0,1,34,67
1.8490000000000002,0,4,31,54
1.851,0,3,22,41
1.8530000000000002,0,0,27,54
1.855,0,0,34,47
1.8570000000000002,1,5,34,52
1.859,0,0,30,45
1.8610000000000002,0,1,28,52
1.863,1,0,28,35
1.8650000000000002,1,1,22,51
1.867,0,1,37,51
1.8690000000000002,0,2,24,53
1.871,0,2,27,48
1.8730000000000002,0,0,21,56
1.875,0,0,32,46
1.8770000000000002,0,1,29,39
1.879,0,2,23,59
1.8810000000000002,0,2,24,42
1.883,0,2,34,50
1.8850000000000002,2,3,39,40
1.887,3,1,36,48
1.8890000000000002,1,0,39,42
1.891,0,3,29,44
1.8930000000000002,1,2,28,51
1.895,1,0,26,52
1.8970000000000002,0,4,27,54
1.899,2,4,35,31
1.9010000000000002,2,4,32,54
1.903,0,1,24,37
1.9050000000000002,0,0,26,44
1.907,1,1,25,50
1.9090000000000003,1,1,28,47
1.911,0,0,25,42
1.9130000000000003,0,0,31,44
1.915,0,0,28,41
1.9170000000000003,0,1,30,42
1.919,0,1,33,45
1.9209999999999998,0,0,21,36
1.923,1,0,26,49
1.9249999999999998,0,2,23,46
1.927,0,2,25,47
1.9289999999999998,1,0,28,40
1.931,1,0,23,38
1.9329999999999998,1,4,26,47
1.935,1,0,32,49
1.9369999999999998,0,3,24,38
1.939,0,1,37,39
1.9409999999999998,1,0,35,37
1.943,0,0,17,41
1.9449999999999998,0,0,34,45
1.947,1,0,25,48
1.9489999999999998,1,1,21,45
1.951,1,2,26,30
1.9529999999999998,1,0,30,37
1.955,0,0,20,38
1.9569999999999999,1,0,18,39
1.959,1,3,37,49
1.9609999999999999,0,0,20,39
1.963,0,0,31,46
1.9649999999999999,1,4,32,42
1.967,0,0,27,41
1.9689999999999999,2,1,20,48
1.971,0,1,30,36
1.9729999999999999,1,1,30,46
1.975,0,1,31,44
1.9769999999999999,0,1,24,31
1.979,0,2,25,40
1.9809999999999999,3,0,24,40
1.983,1,2,34,48
1.9849999999999999,0,4,26,47
1.987,0,0,24,39
1.9889999999999999,0,1,43,47
1.991,0,1,20,49
1.9929999999999999,1,1,29,43
1.995,0,1,27,44
1.9969999999999999,0,1,22,25
1.999,1,0,32,30
2.0010000000000003,0,2,25,43
2.003,0,0,26,51
2.005,0,2,16,48
2.007,0,1,34,34
2.0090000000000003,1,1,36,47
2.011,1,0,25,33
2.013,0,3,23,33
2.015,1,1,22,42
2.0170000000000003,0,0,30,35
2.019,0,0,16,38
2.021,2,1,26,38
2.023,2,2,32,41
2.0250000000000004,0,0,23,49
2.027,1,0,27,41
2.029,1,4,25,39
2.031,1,0,25,37
2.0330000000000004,1,0,26,37
2.035,1,0,36,44
2.037,0,1,26,50
2.039,0,2,26,51
2.0410000000000004,0,2,24,39
2.043,0,6,30,43
2.045,3,2,26,34
2.047,1,0,37,30
2.049,0,0,30,45
2.051,1,0,29,35
2.053,0,1,26,35
2.0549999999999997,2,3,33,37
2.057,1,2,18,37
2.059,1,1,31,53
2.061,0,1,24,34
2.0629999999999997,2,2,19,37
2.065,1,3,21,40
2.067,1,3,29,30
2.069,0,1,23,35
2.0709999999999997,0,1,30,28
2.073,2,1,20,38
2.075,1,2,21,39
2.077,1,3,18,36
2.0789999999999997,0,0,23,34
2.081,1,0,16,38
2.083,0,1,19,30
2.085,0,2,17,47
2.0869999999999997,2,0,22,28
2.089,0,1,20,42
2.091,0,2,22,36
2.093,1,2,24,35
2.0949999999999998,0,1,21,45
2.097,0,1,18,49
2.099,0,2,17,35
2.101,0,3,28,33
2.1029999999999998,0,2,28,37
2.105,0,4,21,44
2.107,0,1,20,37
2.109,0,2,25,34
2.1109999999999998,1,4,14,36
2.113,0,2,26,31
2.115,1,1,21,40
2.117,1,1,17,37
2.1189999999999998,1,1,20,30
2.121,0,1,27,34
2.123,0,2,29,36
2.125,0,0,24,45
2.127,0,1,20,34
2.129,1,3,21,34
2.1310000000000002,0,0,26,27
2.133,1,1,22,32
2.135,1,2,24,38
2.137,0,1,31,30
2.1390000000000002,1,1,21,34
2.141,1,2,20,35
2.143,1,3,18,33
2.145,0,1,23,34
2.1470000000000002,1,0,22,38
2.149,0,3,33,38
2.151,0,2,18,35
2.153,0,2,29,39
2.1550000000000002,0,3,18,35
2.157,1,1,28,36
2.159,0,0,16,44
2.161,0,1,23,31
2.1630000000000003,2,1,17,44
2.165,1,3,22,28
2.167,0,0,21,39
2.169,0,1,27,36
2.1710000000000003,1,2,24,36
2.173,0,1,21,32
2.175,2,0,26,31
2.177,0,1,29,46
2.1790000000000003,0,1,25,40
2.181,0,0,23,32
2.183,0,0,21,31
2.185,0,1,26,35
2.1870000000000003,1,1,24,32
2.189,2,0,18,38
2.191,0,1,20,40
2.193,1,3,19,25
2.1950000000000003,0,2,24,33
2.197,0,1,24,32
2.199,0,1,16,35
2.201,0,2,12,36
2.2030000000000003,1,2,22,41
2.205,0,0,22,34
2.207,1,0,18,31
2.209,0,2,19,37
2.2110000000000003,0,1,27,35
2.213,0,0,14,42
2.215,0,0,23,38
2.217,1,3,28,31
2.2190000000000003,0,1,24,30
2.221,2,0,23,41
2.223,1,2,26,36
2.225,0,0,18,37
2.2270000000000003,0,1,24,24
2.229,0,1,24,31
2.231,0,0,18,30
2.233,1,0,25,43
2.2350000000000003,2,0,17,31
2.237,0,2,20,40
2.239,0,3,23,51
2.241,2,0,25,35
2.2430000000000003,1,0,24,35
2.245,1,0,27,31
2.247,0,2,22,38
2.249,0,1,23,40
2.2510000000000003,0,0,26,33
2.253,0,0,10,26
2.255,0,1,21,23
2.257,2,0,19,26
2.2590000000000003,1,1,28,33
2.261,1,0,14,41
2.263,1,3,18,30
2.265,0,2,15,29
2.2670000000000003,0,2,22,24
2.269,0,0,16,27
2.271,1,1,23,33
2.273,1,2,20,32
2.2750000000000004,0,1,20,32
2.277,0,1,17,31
2.279,0,3,17,22
2.281,0,1,21,26
2.2830000000000004,0,0,23,25
2.285,1,2,22,36
2.287,0,2,21,37
2.289,0,0,12,24
2.2910000000000004,0,0,15,31
2.293,1,2,23,30
2.295,0,0,21,17
2.297,0,1,20,35
2.2990000000000004,1,1,18,28
2.301,0,1,16,26
2.303,0,2,21,27
2.305,0,4,24,27
2.307,1,0,20,34
2.309,0,0,21,36
2.311,0,0,11,27
2.3129999999999997,2,0,17,26
2.315,0,0,19,18
2.317,0,1,13,28
2.319,1,0,20,30
2.3209999999999997,0,0,24,26
2.323,1,0,25,24
2.325,0,1,26,30
2.327,1,0,18,21
2.3289999999999997,0,0,17,23
2.331,0,1,28,29
2.333,0,0,19,30
2.335,0,1,25,28
2.3369999999999997,0,1,16,26
2.339,0,2,23,28
2.341,0,2,19,26
2.343,0,1,16,20
2.3449999999999998,0,2,11,31
2.347,0,1,18,21
2.349,0,0,18,34
2.351,0,0,17,24
2.3529999999999998,0,0,26,30
2.355,0,0,14,32
2.357,0,0,16,31
2.359,0,0,16,31
2.3609999999999998,2,2,9,38
2.363,1,0,22,31
2.365,0,1,21,20
2.367,0,2,21,38
2.3689999999999998,1,0,17,40
2.371,1,1,13,23
2.373,0,0,16,20
2.375,0,0,16,22
2.377,0,1,22,35
2.379,0,2,17,28
2.3810000000000002,0,1,19,37
2.383,0,0,18,30
2.385,0,1,16,28
2.387,0,1,19,17
2.3890000000000002,0,2,21,35
2.391,1,3,14,24
2.393,0,0,19,39
2.395,1,0,9,28
2.3970000000000002,2,1,16,25
2.399,0,0,20,29
2.401,0,1,22,32
2.403,0,0,10,24
2.4050000000000002,0,0,16,34
2.407,1,2,18,34
2.409,0,1,21,23
2.411,0,0,21,17
2.4130000000000003,0,1,23,26
2.415,0,3,19,30
2.417,1,0,16,33
2.419,0,3,22,36
2.4210000000000003,1,0,20,26
2.423,1,0,20,26
2.425,0,2,17,26
2.427,0,0,10,27
2.4290000000000003,0,0,13,38
2.431,0,1,14,16
2.433,0,0,13,25
2.435,0,2,18,31
2.4370000000000003,0,0,14,33
2.439,0,1,15,20
2.441,0,1,15,21
2.443,0,0,13,22
2.4450000000000003,1,2,11,21
2.447,0,2,11,25
2.449,1,2,22,30
2.451,1,1,22,22
2.4530000000000003,0,0,18,34
2.455,1,0,25,24
2.457,0,2,20,31
2.459,1,2,16,29
2.4610000000000003,0,1,13,26
2.463,1,2,14,21
2.465,0,0,15,18
2.467,0,1,17,23
2.4690000000000003,0,0,16,27
2.471,0,0,19,18
2.473,0,0,13,20
2.475,2,0,12,30
2.4770000000000003,0,0,21,26
2.479,2,1,16,21
2.481,0,1,14,29
2.483,0,0,20,29
2.4850000000000003,0,1,18,23
2.487,0,0,15,36
2.489,1,0,11,17
2.491,0,1,21,33
2.4930000000000003,1,1,18,27
2.495,1,0,10,22
2.497,2,0,21,30
2.499,0,0,19,31
2.5010000000000003,0,1,15,21
2.503,2,0,18,34
2.505,1,0,16,24
2.507,0,0,10,23
2.5090000000000003,0,0,12,26
2.511,0,1,23,26
2.513,0,3,21,22
2.515,0,0,20,31
2.5170000000000003,0,1,14,27
2.519,0,0,9,33
2.521,0,0,13,28
2.523,1,1,15,27
2.5250000000000004,0,1,15,24
2.527,1,2,12,32
2.529,1,1,18,18
2.531,1,0,11,20
2.5330000000000004,1,0,16,24
2.535,0,1,15,25
2.537,1,0,19,22
2.539,1,0,15,29
2.5410000000000004,1,0,12,21
2.543,1,5,19,24
2.545,0,1,9,24
2.547,0,2,11,24
2.5490000000000004,0,1,22,24
2.551,2,0,13,20
2.553,1,1,13,25
2.555,0,1,21,30
2.5570000000000004,0,0,16,29
2.559,0,0,16,24
2.561,0,0,23,25
2.5629999999999997,0,0,13,15
2.565,0,0,18,22
2.567,0,0,17,25
2.569,0,0,17,23
2.5709999999999997,1,0,20,22
2.573,0,1,14,20
2.575,1,0,14,21
2.577,0,0,15,24
2.5789999999999997,0,1,11,22
2.581,0,0,10,27
2.583,1,0,10,28
2.585,0,0,10,25
2.5869999999999997,1,1,17,23
2.589,0,0,6,20
2.591,0,0,14,14
2.593,0,0,16,15
2.5949999999999998,0,0,17,23
2.597,0,0,11,24
2.599,1,0,17,19
2.601,0,0,11,23
2.6029999999999998,0,0,12,28
2.605,0,1,17,22
2.607,0,1,25,23
2.609,1,0,9,33
2.6109999999999998,0,1,14,20
2.613,0,0,20,19
2.615,0,0,15,19
2.617,0,0,10,28
2.6189999999999998,0,0,15,20
2.621,0,0,18,18
2.623,2,1,17,29
2.625,2,0,17,25
2.627,1,1,9,16
2.629,0,1,11,27
2.6310000000000002,0,1,17,18
2.633,0,0,16,15
2.635,1,1,14,22
2.637,0,1,10,22
2.6390000000000002,0,1,12,18
2.641,0,0,13,26
2.643,1,1,13,17
2.645,0,2,11,22
2.6470000000000002,0,0,17,20
2.649,0,2,11,33
2.651,1,0,14,15
2.653,1,0,22,19
2.6550000000000002,1,1,17,21
2.657,1,2,11,22
2.659,1,0,11,10
2.661,0,0,7,19
2.6630000000000003,0,0,14,17
2.665,1,0,11,32
2.667,0,1,14,27
2.669,0,1,18,17
2.6710000000000003,0,0,21,22
2.673,0,0,14,25
2.675,0,1,10,22
2.677,0,0,14,24
2.6790000000000003,0,0,15,18
2.681,0,1,15,22
2.683,0,0,12,16
2.685,0,0,20,16
2.6870000000000003,0,1,16,18
2.689,1,2,15,23
2.691,1,1,13,11
2.693,0,0,17,32
2.6950000000000003,0,3,13,26
2.697,0,0,20,21
2.699,0,1,17,19
2.701,0,1,18,26
2.7030000000000003,0,1,7,20
2.705,0,0,9,24
2.707,0,1,18,12
2.709,0,0,19,35
2.7110000000000003,0,0,17,20
2.713,0,1,6,31
2.715,0,0,13,13
2.717,1,1,19,29
2.7190000000000003,0,0,12,24
2.721,0,1,14,31
2.723,0,0,15,21
2.725,0,0,12,18
2.7270000000000003,0,1,15,15
2.729,0,1,8,27
2.731,0,1,9,20
2.733,0,0,5,15
2.7350000000000003,0,0,20,17
2.737,1,2,22,24
2.739,2,0,13,20
2.741,0,0,15,28
2.7430000000000003,0,0,15,23
2.745,0,0,8,25
2.747,1,2,13,22
2.749,1,1,9,17
2.7510000000000003,0,0,7,23
2.753,2,1,7,19
2.755,0,0,8,19
2.757,0,0,24,20
2.7590000000000003,0,1,20,25
2.761,0,0,9,17
2.763,0,0,13,18
2.765,2,0,11,14
2.7670000000000003,1,0,11,17
2.769,0,1,11,24
2.771,0,0,14,18
2.773,0,0,12,21
2.7750000000000004,1,0,11,21
2.777,0,2,8,20
2.779,0,0,11,17
2.781,0,1,2,21
2.7830000000000004,0,2,10,18
2.785,1,2,11,23
2.787,0,0,7,21
2.789,0,2,18,21
2.7910000000000004,1,2,12,15
2.793,0,0,9,23
2.795,0,1,11,22
2.797,0,0,18,26
2.7990000000000004,0,0,12,22
2.801,0,1,7,23
2.803,1,0,9,18
2.805,0,0,13,20
2.8070000000000004,0,1,8,14
2.809,1,0,9,18
2.811,0,1,10,16
2.813,1,0,12,23
2.815,1,1,18,27
2.817,0,0,9,16
2.819,2,2,10,29
2.8209999999999997,0,0,16,20
2.823,1,1,13,31
2.825,0,0,13,12
2.827,1,3,14,20
2.8289999999999997,0,2,8,17
2.831,0,3,6,22
2.833,0,0,10,13
2.835,0,0,12,19
2.8369999999999997,0,3,8,10
2.839,0,0,14,25
2.841,0,0,16,25
2.843,0,1,9,27
2.8449999999999998,0,0,6,21
2.847,1,1,17,12
2.849,0,0,8,19
2.851,0,0,10,17
2.8529999999999998,0,2,4,20
2.855,0,0,13,20
2.857,0,0,12,21
2.859,0,1,10,21
2.8609999999999998,0,0,8,11
2.863,0,3,7,19
2.865,0,1,5,17
2.867,1,0,13,23
2.8689999999999998,1,1,15,11
2.871,0,1,8,21
2.873,0,1,13,14
2.875,0,0,11,16
2.877,0,1,18,21
2.879,0,1,10,18
2.8810000000000002,0,0,10,13
2.883,0,1,8,19
2.885,0,1,18,21
2.887,0,0,7,18
2.8890000000000002,0,1,9,13
2.891,0,0,13,20
2.893,1,1,11,15
2.895,1,0,11,24
2.8970000000000002,0,0,16,16
2.899,0,0,8,20
2.901,1,1,18,18
2.903,0,1,12,23
2.9050000000000002,0,0,16,21
2.907,0,0,10,24
2.909,0,1,16,23
2.911,0,0,7,22
2.9130000000000003,0,1,12,27
2.915,0,0,11,22
2.917,0,1,12,12
2.919,0,1,6,18
2.9210000000000003,1,0,15,19
2.923,0,0,15,26
2.925,1,0,5,15
2.927,1,2,8,13
2.9290000000000003,0,0,13,11
2.931,0,0,8,21
2.933,0,0,11,18
2.935,1,0,2,7
2.9370000000000003,1,0,16,14
2.939,0,1,6,10
2.941,1,1,16,23
2.943,1,0,9,15
2.9450000000000003,0,1,11,21
2.947,0,0,12,20
2.949,0,0,10,13
2.951,0,1,11,16
2.9530000000000003,0,1,8,19
2.955,0,0,8,23
2.957,0,0,9,17
2.959,0,0,12,27
2.9610000000000003,0,0,8,18
2.963,1,0,14,10
2.965,0,0,11,18
2.967,2,0,11,19
2.9690000000000003,0,0,3,19
2.971,1,1,13,16
2.973,0,2,15,17
2.975,0,1,4,16
2.9770000000000003,1,1,15,21
2.979,0,1,15,26
2.981,0,2,9,12
2.983,1,1,14,19
2.9850000000000003,0,0,12,15
2.987,0,0,7,26
2.989,0,1,6,24
2.991,1,0,6,15
2.9930000000000003,0,1,16,9
2.995,0,0,13,16
2.997,0,1,9,19
2.999,1,0,9,19
3.0010000000000003,0,0,6,20
3.003,0,0,10,14
3.005,0,0,12,12
3.007,1,0,10,15
3.0090000000000003,0,0,9,11
3.011,1,0,7,11
3.013,0,1,12,17
3.015,0,1,9,17
3.0170000000000003,0,0,9,17
3.019,0,1,9,14
3.021,0,1,8,11
3.023,0,0,12,18
3.0250000000000004,0,1,11,12
3.027,0,0,1,19
3.029,0,0,10,11
3.031,0,1,8,27
3.0330000000000004,0,2,8,13
3.035,0,2,16,13
3.037,1,0,15,24
3.039,0,1,17,13
3.0410000000000004,0,0,12,7
3.043,0,0,11,16
3.045,0,1,8,11
3.047,0,0,12,16
3.0490000000000004,0,0,12,21
3.051,0,0,8,18
3.053,0,1,9,21
3.055,0,0,14,17
3.0570000000000004,0,1,13,19
3.059,0,0,9,14
3.061,0,0,14,14
3.063,2,2,9,21
3.0650000000000004,0,1,12,15
3.067,0,0,16,15
3.069,1,1,6,18
3.071,0,0,12,20
3.073,0,0,7,16
3.075,0,0,9,15
3.077,0,0,4,20
3.0789999999999997,0,0,12,18
3.081,0,1,7,19
3.083,0,0,12,24
3.085,0,1,9,12
3.0869999999999997,0,0,11,13
3.089,0,0,7,13
3.091,0,0,9,18
3.093,0,0,9,13
3.0949999999999998,0,0,9,13
3.097,2,1,12,18
3.099,2,1,17,10
3.101,0,0,10,17
3.1029999999999998,1,0,5,14
3.105,0,0,7,17
3.107,0,0,9,13
3.109,0,1,6,25
3.1109999999999998,1,0,8,11
3.113,0,0,15,22
3.115,0,0,12,16
3.117,0,0,13,21
3.1189999999999998,0,0,12,15
3.121,0,0,11,19
3.123,0,0,13,16
3.125,0,1,7,17
3.127,0,1,5,14
3.129,0,1,9,16
3.1310000000000002,0,0,12,16
3.133,0,1,6,11
3.135,0,0,8,12
3.137,0,1,10,18
3.1390000000000002,1,0,11,13
3.141,0,0,10,8
3.143,0,1,11,13
3.145,1,0,8,14
3.1470000000000002,0,0,7,13
3.149,0,0,10,18
3.151,0,1,5,9
3.153,0,1,5,17
3.1550000000000002,2,3,7,12
3.157,0,0,10,12
3.159,0,0,3,14
3.161,0,1,5,13
3.1630000000000003,0,0,10,14
3.165,0,1,6,12
3.167,0,0,6,15
3.169,0,0,6,21
3.1710000000000003,0,1,10,17
3.173,0,1,9,14
3.175,0,0,7,10
3.177,0,0,7,16
3.1790000000000003,0,0,5,16
3.181,0,0,6,6
3.183,0,1,6,15
3.185,0,1,11,15
3.1870000000000003,0,1,4,19
3.189,0,0,7,14
3.191,2,1,10,14
3.193,0,0,12,19
3.1950000000000003,0,0,10,9
3.197,0,0,7,17
3.199,0,0,9,16
3.201,0,3,11,16
3.2030000000000003,0,0,2,12
3.205,0,0,6,14
3.207,0,0,10,16
3.209,0,1,10,19
3.2110000000000003,0,0,7,9
3.213,0,0,10,22
3.215,0,1,8,12
3.217,1,0,10,16
3.2190000000000003,0,0,8,13
3.221,0,0,9,8
3.223,0,0,14,17
3.225,0,2,8,12
3.2270000000000003,1,0,5,15
3.229,0,0,6,11
3.231,1,0,6,14
3.233,0,0,9,14
3.2350000000000003,1,0,8,15
3.237,1,1,11,16
3.239,0,0,4,6
3.241,0,1,11,16
3.2430000000000003,0,1,13,8
3.245,1,1,7,15
3.247,0,0,8,19
3.249,0,1,6,25
3.2510000000000003,1,2,7,10
3.253,0,1,9,15
3.255,1,0,12,11
3.257,0,1,10,20
3.2590000000000003,0,2,9,8
3.261,0,1,3,7
3.263,0,1,9,18
3.265,0,0,6,9
3.2670000000000003,0,0,8,12
3.269,0,0,4,10
3.271,0,0,11,11
3.273,1,0,9,15
3.2750000000000004,0,0,6,15
3.277,0,1,8,25
3.279,0,0,10,17
3.281,0,1,5,18
3.2830000000000004,0,0,8,12
3.285,0,0,8,12
3.287,0,0,8,16
3.289,0,1,11,12
3.2910000000000004,0,0,8,15
3.293,0,0,9,13
3.295,0,0,4,13
3.297,0,0,4,17
3.2990000000000004,0,1,13,15
3.301,0,0,7,9
3.303,0,1,4,12
3.305,1,0,4,7
3.3070000000000004,0,1,7,19
3.309,0,1,6,15
3.311,0,1,7,11
3.313,0,1,11,17
3.3150000000000004,0,0,9,11
3.317,0,0,5,9
3.319,0,0,7,16
3.321,1,1,7,11
3.3230000000000004,0,0,7,11
3.325,1,0,10,5
3.327,0,0,8,10
3.329,1,0,9,12
3.331,1,0,7,13
3.333,1,1,8,6
3.335,0,0,6,12
3.3369999999999997,0,0,9,16
3.339,0,2,7,14
3.341,0,1,6,12
3.343,0,1,6,14
3.3449999999999998,0,1,7,17
3.347,0,0,7,11
3.349,0,1,10,18
3.351,0,1,6,13
3.3529999999999998,0,0,9,13
3.355,0,0,3,12
3.357,0,0,6,9
3.359,0,0,9,7
3.3609999999999998,0,1,4,15
3.363,1,1,2,16
3.365,0,0,9,13
3.367,0,0,6,10
3.3689999999999998,0,2,5,10
3.371,0,0,8,13
3.373,0,0,7,17
3.375,0,1,7,8
3.377,0,0,7,7
3.379,0,0,6,14
3.3810000000000002,0,0,7,17
3.383,0,0,8,13
3.385,0,0,9,9
3.387,0,0,5,18
3.3890000000000002,0,0,7,11
3.391,1,1,11,10
3.393,0,0,6,15
3.395,0,0,9,18
3.3970000000000002,0,2,7,9
3.399,0,0,10,12
3.401,0,1,6,7
3.403,0,0,8,17
3.4050000000000002,0,0,5,14
3.407,0,1,8,18
3.409,0,1,12,14
3.411,0,0,7,14
3.4130000000000003,0,0,9,9
3.415,0,0,7,13
3.417,0,0,7,10
3.419,0,0,4,16
3.4210000000000003,0,1,5,11
3.423,0,1,6,11
3.425,0,0,6,10
3.427,0,0,8,11
3.4290000000000003,0,0,4,9
3.431,0,1,6,10
3.433,1,0,1,12
3.435,0,0,4,12
3.4370000000000003,0,0,6,11
3.439,0,1,3,8
3.441,0,0,11,18
3.443,0,0,10,15
3.4450000000000003,0,1,10,8
3.447,1,0,8,10
3.449,0,0,10,8
3.451,0,0,8,9
3.4530000000000003,0,1,7,10
3.455,0,0,9,7
3.457,0,0,7,4
3.459,1,1,9,13
3.4610000000000003,0,0,5,11
3.463,1,1,2,13
3.465,0,0,9,14
3.467,0,0,8,10
3.4690000000000003,0,0,8,4
3.471,0,0,6,6
3.473,0,0,7,18
3.475,0,2,15,7
3.4770000000000003,0,0,7,11
3.479,0,0,4,7
3.481,0,0,10,8
3.483,0,0,5,9
3.4850000000000003,0,0,5,10
3.487,0,0,7,6
3.489,0,0,8,10
3.491,0,1,7,18
3.4930000000000003,0,1,11,11
3.495,0,2,7,14
3.497,0,1,5,8
3.499,0,0,12,9
3.5010000000000003,1,0,5,15
3.503,0,0,6,14
3.505,0,0,2,8
3.507,0,1,12,17
3.5090000000000003,0,0,8,10
3.511,0,1,10,10
3.513,0,1,5,8
3.515,0,1,8,10
3.5170000000000003,0,1,5,11
3.519,0,0,9,19
3.521,0,0,9,16
3.523,0,0,6,12
3.5250000000000004,0,0,3,12
3.527,0,1,9,6
3.529,0,0,8,13
3.531,0,1,10,13
3.5330000000000004,0,0,7,11
3.535,0,1,5,7
3.537,0,0,5,9
3.539,0,0,1,13
3.5410000000000004,0,1,3,5
3.543,1,0,10,12
3.545,0,1,4,12
3.547,0,0,9,8
3.5490000000000004,0,0,4,4
3.551,1,0,3,10
3.553,0,0,2,4
3.555,2,1,5,8
3.5570000000000004,0,1,10,8
3.559,0,2,6,10
3.561,0,0,7,14
3.563,0,0,8,15
3.5650000000000004,0,0,9,8
3.567,0,0,2,10
3.569,0,0,9,6
3.571,0,0,3,11
3.5730000000000004,0,0,2,19
3.575,0,0,4,17
3.577,0,0,6,11
3.579,0,1,3,8
3.5810000000000004,0,0,4,9
3.583,0,0,9,15
3.585,0,0,8,16
3.5869999999999997,0,1,7,16
3.589,0,1,8,17
3.591,0,0,6,7
3.593,0,1,8,12
3.5949999999999998,0,0,8,13
3.597,0,0,9,12
3.599,0,0,8,13
3.601,0,0,2,12
3.6029999999999998,0,0,6,12
3.605,0,0,9,7
3.607,0,0,4,7
3.609,1,0,6,11
3.6109999999999998,0,0,7,16
3.613,0,0,6,10
3.615,0,1,7,14
3.617,0,0,3,12
3.6189999999999998,0,0,5,12
3.621,0,0,4,8
3.623,1,1,8,14
3.625,0,1,9,3
3.627,0,0,7,14
3.629,0,0,9,8
3.6310000000000002,0,1,2,10
3.633,0,0,7,8
3.635,0,0,3,10
3.637,0,0,2,7
3.6390000000000002,0,1,5,8
3.641,0,0,7,11
3.643,0,1,11,11
3.645,0,0,4,10
3.6470000000000002,1,1,8,5
3.649,0,0,8,7
3.651,0,0,9,8
3.653,0,0,8,11
3.6550000000000002,0,0,6,14
3.657,0,0,5,11
3.659,0,0,9,10
3.661,0,0,4,10
3.6630000000000003,0,1,5,14
3.665,1,0,6,13
3.667,0,0,5,8
3.669,0,0,4,14
3.6710000000000003,0,0,7,8
3.673,0,0,5,8
3.675,1,0,7,9
3.677,0,1,6,4
3.6790000000000003,0,0,6,8
3.681,0,0,7,14
3.683,0,1,4,13
3.685,0,0,1,7
3.6870000000000003,1,0,11,10
3.689,0,0,10,8
3.691,0,0,4,8
3.693,0,0,3,8
3.6950000000000003,0,0,6,10
3.697,0,0,5,5
3.699,1,0,8,11
3.701,0,0,9,6
3.7030000000000003,0,0,7,9
3.705,1,0,9,14
3.707,0,1,7,14
3.709,0,1,7,7
3.7110000000000003,0,2,5,6
3.713,0,1,6,8
3.715,0,0,5,9
3.717,0,0,6,14
3.7190000000000003,0,0,5,11
3.721,0,0,6,9
3.723,0,0,9,12
3.725,1,0,5,4
3.7270000000000003,0,0,6,11
3.729,1,0,8,9
3.731,0,0,6,11
3.733,0,0,7,8
3.7350000000000003,0,0,9,6
3.737,0,0,8,8
3.739,0,1,8,7
3.741,0,1,4,7
3.7430000000000003,0,0,7,6
3.745,0,0,10,11
3.747,0,0,5,7
3.749,0,0,3,14
3.7510000000000003,0,0,5,16
3.753,0,1,5,7
3.755,0,0,5,9
3.757,0,1,8,11
3.7590000000000003,0,0,10,9
3.761,0,0,5,6
3.763,0,0,9,8
3.765,0,1,5,6
3.7670000000000003,0,1,8,9
3.769,0,1,5,8
3.771,0,1,7,7
3.773,0,0,3,10
3.7750000000000004,0,1,7,10
3.777,0,0,10,6
3.779,0,1,6,7
3.781,0,1,7,5
3.7830000000000004,0,1,5,6
3.785,0,0,2,11
3.787,0,0,6,10
3.789,0,0,5,10
3.7910000000000004,0,0,7,9
3.793,0,1,5,11
3.795,0,0,8,8
3.797,1,0,5,12
3.7990000000000004,2,1,5,14
3.801,0,1,4,13
3.803,0,1,6,4
3.805,0,0,2,9
3.8070000000000004,0,0,6,10
3.809,0,0,4,10
3.811,0,1,1,3
3.813,0,0,5,18
3.8150000000000004,1,0,6,15
3.817,0,0,5,12
3.819,0,0,5,14
3.821,0,0,6,11
3.8230000000000004,0,0,5,8
3.825,0,0,8,7
3.827,0,0,6,8
3.829,0,0,6,9
3.8310000000000004,0,0,7,11
3.833,1,0,8,6
3.835,0,0,8,13
3.837,1,0,7,8
3.839,0,0,5,5
3.841,0,0,6,7
3.843,0,1,8,6
3.8449999999999998,0,0,3,10
3.847,0,0,3,12
3.849,0,0,5,9
3.851,0,1,1,7
3.8529999999999998,0,0,4,11
3.855,0,1,7,9
3.857,0,0,3,8
3.859,0,1,4,6
3.8609999999999998,0,0,6,7
3.863,0,0,3,10
3.865,0,1,3,9
3.867,1,0,4,6
3.8689999999999998,0,0,4,8
3.871,0,0,8,8
3.873,0,1,6,9
3.875,0,2,5,6
3.877,0,2,4,11
3.879,0,0,4,9
3.8810000000000002,0,0,2,15
3.883,0,1,5,5
3.885,0,0,1,9
3.887,0,0,5,7
3.8890000000000002,0,0,5,3
3.891,0,0,1,8
3.893,0,0,4,6
3.895,0,0,4,14
3.8970000000000002,0,0,9,10
3.899,0,1,5,7
3.901,0,0,3,13
3.903,0,0,4,13
3.9050000000000002,0,0,7,13
3.907,0,0,6,14
3.909,1,0,5,5
3.911,0,0,11,4
3.9130000000000003,0,0,4,12
3.915,1,0,6,6
3.917,0,0,6,9
3.919,0,0,7,6
3.9210000000000003,0,0,3,8
3.923,0,1,6,7
3.925,0,1,0,8
3.927,0,0,3,7
3.9290000000000003,0,0,7,6
3.931,0,1,4,10
3.933,0,0,4,2
3.935,0,0,3,4
3.9370000000000003,0,0,5,15
3.939,0,0,9,10
3.941,0,1,3,11
3.943,0,0,5,11
3.9450000000000003,0,0,3,3
3.947,0,1,3,8
3.949,0,0,4,7
3.951,0,1,7,8
3.9530000000000003,0,2,4,7
3.955,0,2,5,4
3.957,0,1,1,9
3.959,0,0,7,9
3.9610000000000003,0,0,6,7
3.963,0,0,3,10
3.965,1,0,4,6
3.967,0,0,5,10
3.9690000000000003,0,0,6,17
3.971,0,0,7,6
3.973,0,0,2,9
3.975,0,0,5,9
3.9770000000000003,0,0,6,4
3.979,0,0,2,6
3.981,1,2,3,6
3.983,0,0,5,9
3.9850000000000003,0,0,5,13
3.987,1,0,9,10
3.989,1,0,8,5
3.991,0,0,4,7
3.9930000000000003,0,0,4,7
3.995,1,0,3,5
3.997,0,0,4,8
3.999,0,0,4,9
4.0009999999999994,0,0,2,9
4.003,0,0,3,4
4.005000000000001,0,0,0,6
4.007,0,0,6,6
4.009,1,0,4,5
4.011,0,0,1,7
4.013,0,0,3,8
4.015000000000001,0,0,7,8
4.0169999999999995,0,0,5,4
4.019,0,0,6,14
4.021000000000001,0,0,1,9
4.023,0,0,3,10
4.025,0,0,5,9
4.027,0,0,6,7
4.029,0,0,6,6
4.031000000000001,0,0,2,5
4.0329999999999995,0,0,9,5
4.035,1,1,2,4
4.037000000000001,1,0,6,6
4.039,0,0,3,7
4.041,0,0,4,3
4.043,0,0,2,7
4.045,0,0,6,6
4.047000000000001,1,0,3,5
4.0489999999999995,0,1,2,7
4.051,0,0,3,3
4.053000000000001,0,0,5,6
4.055,1,1,2,3
4.057,0,0,3,5
4.059,0,0,5,10
4.061,0,0,4,5
4.063000000000001,0,0,6,3
4.0649999999999995,0,0,5,4
4.067,0,0,5,8
4.069000000000001,0,0,6,9
4.071,0,0,3,15
4.073,0,0,5,15
4.075,0,2,4,6
4.077,0,0,1,5
4.079000000000001,0,0,4,4
4.0809999999999995,0,1,8,5
4.083,0,0,3,5
4.085000000000001,0,1,4,10
4.087,0,0,5,2
4.089,0,0,0,9
4.091,0,0,3,11
4.093,0,0,7,6
4.095000000000001,0,0,3,7
4.0969999999999995,0,0,5,5
4.099,0,2,7,8
4.101,0,0,4,7
4.103,0,0,3,8
4.105,0,0,4,7
4.106999999999999,0,0,5,9
4.109,0,0,10,5
4.111000000000001,0,0,0,11
4.1129999999999995,0,0,6,14
4.115,0,0,5,6
4.117,0,0,4,12
4.119,0,1,4,8
4.121,0,0,3,14
4.122999999999999,0,0,6,4
4.125,0,0,7,5
4.127000000000001,0,0,2,7
4.129,0,0,5,7
4.131,0,0,3,7
4.133,0,1,3,7
4.135,0,1,2,5
4.1370000000000005,1,1,3,8
4.138999999999999,0,0,2,7
4.141,0,0,5,5
4.143000000000001,0,0,3,10
4.145,0,0,3,6
4.147,1,1,1,13
4.149,0,0,2,5
4.151,0,0,5,4
4.1530000000000005,0,1,4,4
4.154999999999999,0,0,4,8
4.157,0,0,4,7
4.159000000000001,0,0,0,9
4.161,0,0,3,9
4.163,0,0,5,7
4.165,0,0,3,7
4.167,0,1,6,5
4.1690000000000005,1,0,4,4
4.170999999999999,0,0,7,10
4.173,0,0,3,9
4.175000000000001,0,0,4,6
4.177,0,0,4,7
4.179,0,0,1,9
4.181,0,0,2,3
4.183,0,0,3,6
4.1850000000000005,0,0,6,3
4.186999999999999,0,0,3,7
4.189,0,0,4,10
4.191000000000001,0,0,5,2
4.193,0,0,7,8
4.195,0,0,3,8
4.197,0,0,4,10
4.199,0,0,4,8
4.2010000000000005,0,0,4,7
4.202999999999999,0,0,6,9
4.205,0,0,4,9
4.207000000000001,0,0,2,7
4.209,1,0,5,5
4.211,0,0,6,4
4.213,0,0,4,6
4.215,0,0,2,8
4.2170000000000005,0,2,1,5
4.218999999999999,0,0,0,5
4.221,0,1,6,11
4.223000000000001,1,0,3,5
4.225,0,0,2,8
4.227,0,0,3,7
4.229,0,0,1,6
4.231,0,0,5,5
4.2330000000000005,0,0,3,4
4.234999999999999,0,0,1,12
4.237,0,0,7,8
4.239000000000001,0,0,2,6
4.241,0,0,2,9
4.243,0,0,4,8
4.245,0,0,7,4
4.247,0,0,8,13
4.2490000000000006,0,0,0,4
4.2509999999999994,0,0,4,5
4.253,0,0,5,7
4.255000000000001,0,1,6,6
4.257,0,0,5,5
4.259,0,0,1,5
4.261,0,0,5,5
4.263,0,0,1,15
4.265000000000001,0,2,5,8
4.2669999999999995,0,0,9,5
4.269,1,0,4,10
4.271000000000001,0,0,7,5
4.273,0,0,7,4
4.275,0,1,2,4
4.277,0,0,6,11
4.279,0,0,4,7
4.281000000000001,0,0,5,5
4.2829999999999995,0,0,9,5
4.285,0,0,3,4
4.287000000000001,1,0,2,6
4.289,0,0,0,4
4.291,0,0,7,9
4.293,0,0,3,4
4.295,0,1,4,4
4.297000000000001,0,0,4,7
4.2989999999999995,0,0,0,5
4.301,0,0,3,7
4.303000000000001,0,0,5,4
4.305,0,0,1,7
4.307,0,0,5,4
4.309,0,0,3,8
4.311,0,1,4,3
4.313000000000001,0,0,1,6
4.3149999999999995,0,0,7,5
4.317,0,0,3,9
4.319000000000001,0,0,4,5
4.321,0,0,3,8
4.323,0,0,5,6
4.325,0,1,5,4
4.327,0,0,5,4
4.329000000000001,0,0,5,6
4.3309999999999995,0,0,5,4
4.333,0,0,5,12
4.335000000000001,0,0,3,6
4.337,1,1,3,5
4.339,0,0,7,1
4.341,0,0,7,5
4.343,0,0,5,4
4.345000000000001,0,0,2,4
4.3469999999999995,0,0,2,6
4.349,0,0,5,8
4.351000000000001,0,0,5,10
4.353,0,0,4,8
4.355,0,1,3,9
4.356999999999999,0,0,9,8
4.359,1,0,4,3
4.361000000000001,0,0,3,10
4.3629999999999995,0,1,4,8
4.365,0,0,3,4
4.367,0,0,1,6
4.369,0,0,2,5
4.371,0,0,1,8
4.372999999999999,0,0,3,7
4.375,0,1,3,6
4.377000000000001,1,0,4,7
4.379,0,0,1,6
4.381,0,1,4,6
4.383,0,1,6,3
4.385,1,0,1,4
4.3870000000000005,0,0,6,5
4.388999999999999,0,0,4,7
4.391,0,0,2,4
4.393000000000001,0,0,1,3
4.395,1,0,4,6
4.397,1,1,4,6
4.399,0,0,4,7
4.401,0,0,5,9
4.4030000000000005,0,0,2,5
4.404999999999999,0,0,0,5
4.407,0,0,5,3
4.409000000000001,0,0,4,7
4.411,0,0,4,3
4.413,0,2,3,8
4.415,0,0,6,8
4.417,0,0,5,5
4.4190000000000005,0,0,3,9
4.420999999999999,0,0,5,12
4.423,0,1,1,8
4.425000000000001,0,0,6,6
4.427,0,0,2,5
4.429,0,0,5,4
4.431,0,1,0,5
4.433,0,0,1,10
4.4350000000000005,0,0,2,3
4.436999999999999,0,0,3,8
4.439,0,0,0,4
4.441000000000001,0,0,2,2
4.443,0,0,3,6
4.445,0,1,3,6
4.447,1,0,3,6
4.449,0,0,1,3
4.4510000000000005,0,0,0,2
4.452999999999999,0,0,1,7
4.455,0,0,5,4
4.457000000000001,0,0,3,8
4.459,0,0,3,9
4.461,0,0,6,6
4.463,0,0,5,8
4.465,0,1,6,3
4.4670000000000005,0,0,2,5
4.468999999999999,0,0,2,9
4.471,0,0,3,11
4.473000000000001,0,0,3,4
4.475,0,0,0,6
4.477,0,0,1,9
4.479,0,0,1,7
4.481,0,0,6,4
4.4830000000000005,0,1,5,4
4.484999999999999,0,0,6,4
4.487,0,0,5,5
4.489000000000001,0,1,3,4
4.491,0,0,4,5
4.493,0,0,4,3
4.495,0,0,1,4
4.497,0,0,3,6
4.4990000000000006,0,0,5,5
4.5009999999999994,0,0,4,5
4.503,0,1,4,8
4.505000000000001,0,0,1,5
4.507,0,0,3,8
4.509,0,0,2,3
4.511,0,0,1,7
4.513,0,1,1,6
4.515000000000001,0,0,3,6
4.5169999999999995,0,0,6,11
4.519,0,0,7,3
4.521000000000001,0,0,4,3
4.523,0,0,3,9
4.525,0,0,6,6
4.527,0,0,2,3
4.529,0,0,4,3
4.531000000000001,0,0,7,6
4.5329999999999995,0,0,3,5
4.535,0,1,2,5
4.537000000000001,0,0,2,3
4.539,0,0,4,5
4.541,0,0,3,7
4.543,0,0,4,4
4.545,0,0,3,2
4.547000000000001,0,0,3,12
4.5489999999999995,0,0,2,5
4.551,0,0,5,6
4.553000000000001,0,0,0,4
4.555,0,0,1,4
4.557,0,0,2,4
4.559,0,0,1,3
4.561,0,1,6,5
4.563000000000001,0,0,4,6
4.5649999999999995,0,0,3,2
4.567,0,0,4,2
4.569000000000001,0,0,3,4
4.571,0,0,5,5
4.573,0,0,2,9
4.575,0,0,3,3
4.577,0,0,2,5
4.579000000000001,1,1,2,5
4.5809999999999995,0,0,1,5
4.583,0,0,3,6
4.585000000000001,0,1,4,9
4.587,0,0,4,2
4.589,0,0,2,1
4.591,0,0,2,2
4.593,0,0,4,3
4.595000000000001,0,0,3,5
4.5969999999999995,0,0,4,7
4.599,0,0,4,5
4.601000000000001,0,0,1,3
4.603,0,0,3,0
4.605,0,0,4,3
4.607,0,0,2,3
4.609,1,0,4,5
4.611000000000001,0,0,2,3
4.6129999999999995,0,1,3,4
4.615,0,0,3,5
4.617,0,0,3,3
4.619,1,0,3,4
4.621,0,0,0,11
4.622999999999999,0,0,0,6
4.625,0,0,3,11
4.627000000000001,0,0,2,5
4.629,0,0,4,6
4.631,0,0,9,3
4.633,0,0,6,6
4.635,0,0,2,5
4.6370000000000005,0,0,6,4
4.638999999999999,0,1,3,3
4.641,0,0,2,6
4.643000000000001,0,0,3,2
4.645,1,0,2,3
4.647,0,1,2,3
4.649,0,0,2,5
4.651,0,0,5,9
4.6530000000000005,0,0,5,2
4.654999999999999,0,0,2,3
4.657,0,0,2,4
4.659000000000001,0,0,1,10
4.661,0,1,2,4
4.663,0,1,5,8
4.665,0,0,3,5
4.667,0,0,1,7
4.6690000000000005,0,0,4,6
4.670999999999999,0,0,4,3
4.673,0,0,7,7
4.675000000000001,0,0,2,2
4.677,0,1,3,4
4.679,0,0,3,3
4.681,0,0,2,5
4.683,0,0,2,4
4.6850000000000005,0,0,5,8
4.686999999999999,0,1,2,4
4.689,0,0,2,3
4.691000000000001,0,0,1,6
4.693,0,0,4,9
4.695,1,1,2,5
4.697,0,0,1,3
4.699,1,0,4,8
4.7010000000000005,0,2,3,5
4.702999999999999,0,0,7,9
4.705,0,1,1,8
4.707000000000001,0,0,1,6
4.709,0,0,4,2
4.711,0,0,3,3
4.713,0,0,3,6
4.715,0,1,5,4
4.7170000000000005,0,0,2,6
4.718999999999999,0,0,1,3
4.721,0,0,4,5
4.723000000000001,0,0,3,6
4.725,0,0,1,5
4.727,0,0,3,6
4.729,0,0,2,3
4.731,0,0,3,7
4.7330000000000005,0,0,2,2
4.734999999999999,0,2,3,5
4.737,0,0,6,0
4.739000000000001,0,0,2,3
4.741,0,0,2,6
4.743,0,0,4,5
4.745,0,0,0,3
4.747,0,0,2,4
4.7490000000000006,0,1,2,4
4.7509999999999994,0,1,5,3
4.753,0,0,3,4
4.755000000000001,0,0,0,4
4.757,1,0,3,3
4.759,0,1,1,4
4.761,1,0,1,4
4.763,0,1,2,1
4.765000000000001,0,0,3,3
4.7669999999999995,0,1,6,6
4.769,0,2,2,1
4.771000000000001,0,0,2,4
4.773,0,0,1,8
4.775,0,2,1,6
4.777,0,0,1,4
4.779,0,0,2,5
4.781000000000001,0,0,2,5
4.7829999999999995,0,0,0,5
4.785,0,0,2,2
4.787000000000001,0,0,4,1
4.789,0,0,2,3
4.791,0,0,2,4
4.793,1,0,3,3
4.795,0,0,1,11
4.797000000000001,0,0,3,5
4.7989999999999995,0,0,2,8
4.801,0,0,2,2
4.803000000000001,0,0,3,2
4.805,0,0,0,3
4.807,0,0,3,3
4.809,0,1,3,5
4.811,0,0,4,2
4.813000000000001,0,0,5,2
4.8149999999999995,0,0,2,2
4.817,0,0,3,3
4.819000000000001,0,0,6,2
4.821,0,0,4,5
4.823,0,1,2,1
4.825,0,0,2,3
4.827,0,0,3,2
4.829000000000001,0,1,2,6
4.8309999999999995,1,0,2,3
4.833,0,0,2,4
4.835000000000001,0,0,3,2
4.837,0,0,3,3
4.839,0,0,4,5
4.841,0,0,1,5
4.843,0,0,2,8
4.845000000000001,0,0,1,3
4.8469999999999995,0,0,3,7
4.849,0,0,3,6
4.851000000000001,0,0,3,8
4.853,0,0,1,6
4.855,0,1,6,4
4.857,1,0,0,3
4.859,0,0,4,6
4.861000000000001,0,0,3,4
4.8629999999999995,0,0,4,6
4.865,0,0,3,1
4.867,0,0,3,3
4.869,0,0,2,3
4.871,0,0,2,4
4.872999999999999,0,0,3,4
4.875,0,0,1,6
4.877000000000001,0,0,3,1
4.879,0,0,3,4
4.881,0,0,4,3
4.883,0,0,5,4
4.885,0,0,3,3
4.8870000000000005,0,0,4,2
4.888999999999999,0,0,1,2
4.891,0,0,0,1
4.893000000000001,0,0,3,7
4.895,0,0,2,1
4.897,0,0,2,3
4.899,0,0,4,5
4.901,0,0,1,4
4.9030000000000005,0,1,3,4
4.904999999999999,0,0,4,5
4.907,0,0,4,4
4.909000000000001,0,0,1,7
4.911,0,1,3,4
4.913,0,0,0,3
4.915,0,0,4,5
4.917,0,0,3,0
4.9190000000000005,0,0,0,5
4.920999999999999,0,0,3,3
4.923,0,1,0,5
4.925000000000001,0,0,1,5
4.927,1,0,3,1
4.929,0,0,3,8
4.931,0,0,1,3
4.933,0,0,1,5
4.9350000000000005,0,0,0,3
4.936999999999999,0,0,3,3
4.939,0,0,2,3
4.941000000000001,0,0,2,4
4.943,0,0,2,2
4.945,0,0,3,7
4.947,0,1,5,3
4.949,0,0,0,4
4.9510000000000005,0,0,4,4
4.952999999999999,0,0,4,4
4.955,0,0,5,5
4.957000000000001,0,0,1,6
4.959,0,1,0,4
4.961,0,0,0,6
4.963,0,0,3,2
4.965,0,0,3,2
4.9670000000000005,0,0,3,3
4.968999999999999,0,0,3,2
4.971,0,0,4,2
4.973000000000001,0,0,0,10
4.975,0,0,4,4
4.977,0,0,2,3
4.979,0,0,1,4
4.981,0,0,2,3
4.9830000000000005,0,0,0,5
4.984999999999999,0,0,1,6
4.987,0,0,2,3
4.989000000000001,0,0,1,4
4.991,0,0,2,5
4.993,0,0,1,5
4.995,0,1,5,6
4.997,0,0,1,3
4.9990000000000006,1,0,3,7
5.0009999999999994,0,0,1,8
5.003,0,0,3,2
5.005000000000001,0,1,2,4
5.007,0,0,5,3
5.009,0,0,2,5
5.011,0,0,3,3
5.013,0,0,2,3
5.015000000000001,0,0,2,3
5.0169999999999995,0,0,2,3
5.019,0,0,2,1
5.021000000000001,1,0,1,3
5.023,0,0,0,4
5.025,0,0,2,3
5.027,0,0,1,6
5.029,0,0,3,1
5.031000000000001,0,0,2,5
5.0329999999999995,0,0,0,4
5.035,0,0,0,4
5.037000000000001,0,0,1,3
5.039,0,0,0,3
5.041,0,1,1,5
5.043,0,0,3,3
5.045,0,0,5,1
5.047000000000001,1,0,1,3
5.0489999999999995,0,0,2,4
5.051,0,0,3,3
5.053000000000001,0,0,1,4
5.055,0,0,3,1
5.057,0,0,2,3
5.059,0,0,6,1
5.061,0,0,1,5
5.063000000000001,0,0,1,4
5.0649999999999995,0,0,2,8
5.067,0,0,3,2
5.069000000000001,0,0,0,5
5.071,0,0,0,3
5.073,1,0,4,0
5.075,0,0,3,3
5.077,0,0,1,4
5.079000000000001,0,1,1,1
5.0809999999999995,0,0,1,7
5.083,0,0,1,2
5.085000000000001,0,1,3,3
5.087,0,1,4,6
5.089,0,0,4,4
5.091,0,1,3,3
5.093,0,0,1,5
5.095000000000001,0,0,1,1
5.0969999999999995,0,0,4,4
5.099,0,0,2,3
5.101000000000001,0,1,2,6
5.103,0,0,4,1
5.105,0,0,2,4
5.107,0,0,2,5
5.109,0,0,3,3
5.111000000000001,0,0,5,5
5.1129999999999995,0,0,2,4
5.115,0,0,3,4
5.117000000000001,0,0,0,0
5.119,0,0,0,1
5.121,0,0,0,2
5.122999999999999,0,0,2,2
5.125,0,0,1,4
5.127000000000001,0,0,2,3
5.129,0,0,1,5
5.131,0,0,1,4
5.133,0,0,1,4
5.135,0,0,2,9
5.1370000000000005,0,0,4,2
5.138999999999999,0,0,3,3
5.141,0,0,1,0
5.143000000000001,0,1,1,5
5.145,0,0,1,1
5.147,0,0,1,7
5.149,0,1,1,2
5.151,0,0,2,3
5.1530000000000005,0,0,1,5
5.154999999999999,0,0,2,4
5.157,0,0,3,3
5.159000000000001,0,0,1,2
5.161,0,0,1,7
5.163,0,0,0,2
5.165,0,0,1,4
5.167,0,0,3,3
5.1690000000000005,0,0,4,2
5.170999999999999,0,0,4,2
5.173,0,0,1,5
5.175000000000001,0,0,2,1
5.177,0,0,1,3
5.179,0,1,2,1
5.181,0,1,9,2
5.183,0,0,1,3
5.1850000000000005,0,0,2,3
5.186999999999999,0,1,1,4
5.189,0,1,1,2
5.191000000000001,0,0,1,11
5.193,0,0,3,2
5.195,0,0,2,5
5.197,0,0,1,2
5.199,0,0,1,5
5.2010000000000005,0,0,0,2
5.202999999999999,0,0,3,2
5.205,0,0,0,6
5.207000000000001,0,0,1,0
5.209,0,0,0,6
5.211,0,0,3,3
5.213,0,0,3,3
5.215,0,0,1,3
5.2170000000000005,0,0,1,4
5.218999999999999,0,0,1,2
5.221,0,0,3,3
5.223000000000001,0,1,2,1
5.225,0,0,4,3
5.227,0,2,2,2
5.229,0,0,1,6
5.231,1,0,0,0
5.2330000000000005,0,0,1,2
5.234999999999999,0,0,2,7
5.237,0,0,4,6
5.239000000000001,0,0,4,4
5.241,0,0,5,1
5.243,0,0,1,3
5.245,0,0,3,4
5.247,0,0,1,6
5.2490000000000006,0,0,0,4
5.2509999999999994,0,0,0,5
5.253,0,0,5,1
5.255000000000001,0,0,2,1
5.257,0,1,2,0
5.259,0,0,2,3
5.261,1,0,2,3
5.263,0,0,1,3
5.265000000000001,0,1,4,4
5.2669999999999995,0,0,2,3
5.269,0,0,3,1
5.271000000000001,0,1,2,1
5.273,0,0,2,0
5.275,0,0,1,3
5.277,0,0,3,3
5.279,0,0,0,5
5.281000000000001,0,0,2,5
5.2829999999999995,0,0,1,2
5.285,0,1,2,1
5.287000000000001,0,0,1,4
5.289,0,0,2,4
5.291,1,1,1,3
5.293,0,0,2,1
5.295,0,0,3,4
5.297000000000001,0,0,3,3
5.2989999999999995,0,0,1,4
5.301,0,1,1,7
5.303000000000001,0,1,4,2
5.305,1,0,0,2
5.307,0,0,4,1
5.309,0,0,1,1
5.311,0,0,1,6
5.313000000000001,0,0,1,8
5.3149999999999995,0,0,0,3
5.317,0,1,1,2
5.319000000000001,0,1,2,3
5.321,0,0,2,2
5.323,0,0,1,4
5.325,0,0,0,3
5.327,1,0,4,4
5.329000000000001,0,0,3,2
5.3309999999999995,0,0,1,2
5.333,0,0,1,3
5.335000000000001,0,0,4,2
5.337,0,0,2,1
5.339,0,0,2,2
5.341,0,0,2,3
5.343,0,0,1,1
5.345000000000001,0,0,3,2
5.3469999999999995,0,0,3,4
5.349,0,0,2,4
5.351000000000001,0,0,2,1
5.353,0,0,1,3
5.355,0,0,0,1
5.357,0,0,3,2
5.359,0,0,1,2
5.361000000000001,0,1,2,3
5.3629999999999995,0,0,1,2
5.365,0,0,0,6
5.367000000000001,0,0,3,3
5.369,0,0,1,1
5.371,0,0,1,3
5.373,0,0,4,4
5.375,0,0,3,2
5.377000000000001,0,0,1,0
5.379,0,0,3,3
5.381,0,0,1,3
5.383,1,0,0,0
5.385,0,0,3,0
5.3870000000000005,0,1,1,2
5.388999999999999,0,0,1,0
5.391,0,0,1,2
5.393000000000001,0,0,1,2
5.395,0,0,0,1
5.397,0,0,1,2
5.399,0,0,4,4
5.401,0,0,0,0
5.4030000000000005,0,0,1,2
5.404999999999999,0,0,2,3
5.407,0,0,0,3
5.409000000000001,0,1,1,4
5.411,0,0,1,2
5.413,0,0,1,4
5.415,0,0,2,8
5.417,0,1,0,2
5.4190000000000005,1,0,2,1
5.420999999999999,0,0,1,4
5.423,0,0,1,1
5.425000000000001,0,0,0,2
5.427,0,0,1,0
5.429,0,1,1,5
5.431,0,0,1,2
5.433,0,0,2,1
5.4350000000000005,0,0,1,4
5.436999999999999,0,0,0,2
5.439,0,1,3,3
5.441000000000001,0,0,1,4
5.443,1,0,3,2
5.445,0,0,3,2
5.447,0,0,3,2
5.449,0,0,0,2
5.4510000000000005,0,0,0,2
5.452999999999999,0,0,2,1
5.455,0,0,4,2
5.457000000000001,0,0,0,4
5.459,1,0,0,2
5.461,0,1,3,3
5.463,0,0,3,0
5.465,0,0,1,0
5.4670000000000005,0,0,3,4
5.468999999999999,0,0,2,1
5.471,0,0,0,3
5.473000000000001,0,0,1,2
5.475,0,0,2,2
5.477,0,0,2,3
5.479,0,0,3,0
5.481,0,0,0,4
5.4830000000000005,0,0,0,3
5.484999999999999,0,0,1,2
5.487,0,0,2,2
5.489000000000001,0,0,1,3
5.491,0,0,1,4
5.493,0,0,1,1
5.495,0,0,1,4
5.497,2,0,2,1
5.4990000000000006,0,0,0,2
5.5009999999999994,0,0,5,3
5.503,0,0,3,2
5.505000000000001,0,0,1,2
5.507,0,0,4,1
5.509,0,0,0,0
5.511,0,0,1,3
5.513,0,0,1,5
5.515000000000001,0,0,0,2
5.5169999999999995,0,0,1,5
5.519,0,0,0,1
5.521000000000001,0,0,3,0
5.523,1,0,2,4
5.525,0,0,1,2
5.527,0,0,1,1
5.529,0,0,0,0
5.531000000000001,0,0,1,1
5.5329999999999995,0,0,1,1
5.535,0,0,2,0
5.537000000000001,0,0,0,4
5.539,0,0,1,1
5.541,0,0,0,5
5.543,0,1,5,3
5.545,0,0,2,1
5.547000000000001,0,0,4,3
5.5489999999999995,0,0,0,1
5.551,0,0,1,1
5.553000000000001,0,0,0,2
5.555,0,0,0,2
5.557,0,0,1,1
5.559,0,0,1,4
5.561,0,0,2,4
5.563000000000001,0,0,0,3
5.5649999999999995,1,0,1,1
5.567,0,0,1,2
5.569000000000001,0,0,1,3
5.571,0,0,1,0
5.573,0,0,5,3
5.575,0,0,2,4
5.577,0,0,3,1
5.579000000000001,1,0,0,2
5.5809999999999995,0,0,3,1
5.583,0,0,3,4
5.585000000000001,0,0,2,3
5.587,0,1,1,1
5.589,0,0,1,3
5.591,0,0,3,5
5.593,0,0,0,1
5.595000000000001,0,0,1,2
5.5969999999999995,0,0,0,2
5.599,0,0,1,3
5.601000000000001,0,0,1,5
5.603,0,0,0,0
5.605,0,0,3,0
5.607,0,0,0,0
5.609,0,0,0,5
5.611000000000001,0,0,1,4
5.6129999999999995,0,0,1,2
5.615,0,1,0,2
5.617000000000001,0,0,2,1
5.619,0,0,0,1
5.621,0,1,3,2
5.623,0,0,3,1
5.625,0,0,3,4
5.627000000000001,0,0,3,1
5.629,0,0,0,2
5.631,0,0,0,0
5.633,1,1,0,7
5.635,0,0,1,0
5.6370000000000005,0,0,2,3
5.638999999999999,0,0,2,3
5.641,0,0,0,4
5.643000000000001,0,0,1,1
5.645,0,0,4,1
5.647,0,0,0,1
5.649,0,0,0,3
5.651,0,0,1,3
5.6530000000000005,0,0,1,2
5.654999999999999,0,0,1,4
5.657,0,0,2,5
5.659000000000001,0,0,1,2
5.661,0,0,2,2
5.663,0,0,1,2
5.665,0,1,1,2
5.667,1,0,2,3
5.6690000000000005,0,0,2,4
5.670999999999999,0,1,0,0
5.673,0,0,2,3
5.675000000000001,0,0,0,4
5.677,0,0,0,0
5.679,0,0,1,5
5.681,0,0,1,3
5.683,0,0,0,2
5.6850000000000005,0,0,3,0
5.686999999999999,0,0,3,1
5.689,0,0,0,1
5.691000000000001,0,0,0,2
5.693,0,0,0,3
5.695,0,0,3,1
5.697,0,0,0,0
5.699,0,0,1,5
5.7010000000000005,0,1,1,2
5.702999999999999,0,0,0,2
5.705,0,0,0,2
5.707000000000001,0,0,0,1
5.709,0,0,0,3
5.711,0,0,1,3
5.713,0,0,1,1
5.715,0,0,0,4
5.7170000000000005,0,0,1,0
5.718999999999999,0,0,1,4
5.721,0,0,1,3
5.723000000000001,0,0,0,5
5.725,0,0,2,2
5.727,0,0,1,1
5.729,0,0,1,1
5.731,0,0,0,4
5.7330000000000005,0,0,2,2
5.734999999999999,0,0,2,3
5.737,0,0,1,3
5.739000000000001,0,0,1,2
5.741,0,0,0,5
5.743,0,0,1,5
5.745,0,0,5,3
5.747,0,0,1,2
5.7490000000000006,0,0,0,1
5.7509999999999994,0,0,1,2
5.753,0,1,0,2
5.755000000000001,0,0,0,1
5.757,0,0,1,1
5.759,0,0,1,3
5.761,0,0,0,2
5.763,0,0,0,1
5.765000000000001,0,0,1,5
5.7669999999999995,0,0,0,0
5.769,0,0,1,4
5.771000000000001,0,0,3,4
5.773,0,0,1,0
5.775,0,0,1,4
5.777,0,0,1,3
5.779,0,0,4,1
5.781000000000001,0,0,1,4
5.7829999999999995,0,0,1,1
5.785,0,0,3,3
5.787000000000001,0,0,0,1
5.789,0,0,0,3
5.791,0,0,1,4
5.793,0,0,2,0
5.795,0,0,0,3
5.797000000000001,0,0,1,1
5.7989999999999995,0,0,4,1
5.801,0,0,5,1
5.803000000000001,0,0,0,3
5.805,0,0,3,2
5.807,0,0,2,2
5.809,0,0,0,2
5.811,0,0,1,1
5.813000000000001,0,0,2,2
5.8149999999999995,0,0,2,2
5.817,0,0,1,2
5.819000000000001,0,0,0,4
5.821,0,0,0,2
5.823,0,0,3,0
5.825,0,0,2,1
5.827,0,0,0,1
5.829000000000001,0,0,2,4
5.8309999999999995,0,0,2,0
5.833,0,0,0,2
5.835000000000001,0,0,2,2
5.837,0,0,0,2
5.839,0,0,1,2
5.841,0,0,3,1
5.843,0,0,2,2
5.845000000000001,0,0,1,1
5.8469999999999995,0,0,0,1
5.849,0,0,0,0
5.851000000000001,0,0,1,5
5.853,0,0,1,1
5.855,0,0,2,1
5.857,0,0,0,1
5.859,0,0,1,0
5.861000000000001,0,0,1,2
5.8629999999999995,0,0,0,3
5.865,0,0,0,5
5.867000000000001,0,0,0,1
5.869,0,0,2,0
5.871,0,0,1,3
5.873,0,0,0,4
5.875,0,0,0,1
5.877000000000001,1,0,1,0
5.879,0,0,1,1
5.881,0,0,2,1
5.883000000000001,0,0,1,2
5.885,0,0,0,1
5.8870000000000005,0,0,2,1
5.888999999999999,0,1,1,2
5.891,0,0,0,2
5.893000000000001,0,0,2,3
5.895,0,0,0,2
5.897,0,0,1,1
5.899,0,0,1,1
5.901,0,0,1,3
5.9030000000000005,0,0,0,1
5.904999999999999,0,0,1,0
5.907,0,0,0,0
5.909000000000001,0,0,0,2
5.911,0,0,0,2
5.913,0,0,1,3
5.915,0,0,1,1
5.917,0,0,0,1
5.9190000000000005,0,0,0,2
5.920999999999999,0,0,1,1
5.923,0,0,0,3
5.925000000000001,0,0,1,1
5.927,0,0,0,0
5.929,0,0,1,6
5.931,0,0,0,2
5.933,0,0,0,1
5.9350000000000005,0,0,2,1
5.936999999999999,0,0,1,1
5.939,0,0,1,1
5.941000000000001,0,0,0,4
5.943,0,0,0,1
5.945,0,0,1,0
5.947,0,1,1,2
5.949,0,0,0,0
5.9510000000000005,0,0,1,2
5.952999999999999,0,0,3,1
5.955,0,0,1,0
5.957000000000001,0,0,0,2
5.959,0,0,1,0
5.961,0,0,2,1
5.963,0,0,1,1
5.965,0,0,0,3
5.9670000000000005,0,0,0,0
5.968999999999999,0,0,3,2
5.971,0,0,0,2
5.973000000000001,0,0,1,4
5.975,0,0,0,0
5.977,0,0,1,1
5.979,0,0,0,3
5.981,0,0,3,3
5.9830000000000005,0,0,2,1
5.984999999999999,0,0,1,4
5.987,0,0,2,0
5.989000000000001,0,1,3,1
5.991,0,0,2,1
5.993,0,0,1,2
5.995,0,0,1,1
5.997,0,0,2,2
5.9990000000000006,0,0,0,3
6.0009999999999994,0,0,2,1
6.003,0,0,0,2
6.005000000000001,0,0,1,2
6.007,0,0,1,2
6.009,0,0,2,2
6.011,0,0,0,0
6.013,0,0,2,0
6.015000000000001,0,0,0,2
6.0169999999999995,0,0,1,1
6.019,0,0,0,3
6.021000000000001,0,0,0,1
6.023,0,0,0,1
6.025,0,0,0,2
6.027,0,0,1,1
6.029,0,0,1,2
6.031000000000001,0,0,0,1
6.0329999999999995,0,0,0,1
6.035,0,0,3,1
6.037000000000001,0,0,0,1
6.039,0,0,0,0
6.041,0,0,1,1
6.043,0,0,2,2
6.045,0,0,0,2
6.047000000000001,0,0,1,2
6.0489999999999995,0,0,2,2
6.051,0,0,2,0
6.053000000000001,0,0,1,0
6.055,0,0,2,3
6.057,0,0,1,0
6.059,0,0,0,0
6.061,0,0,1,3
6.063000000000001,0,0,0,1
6.0649999999999995,0,0,2,1
6.067,0,0,1,1
6.069000000000001,0,0,1,1
6.071,0,0,2,0
6.073,0,0,0,1
6.075,0,0,0,4
6.077,0,0,1,2
6.079000000000001,0,0,0,1
6.0809999999999995,0,0,0,0
6.083,0,0,1,1
6.085000000000001,0,0,1,1
6.087,0,0,1,0
6.089,0,0,1,3
6.091,0,0,0,0
6.093,0,0,2,1
6.095000000000001,0,0,0,2
6.0969999999999995,0,0,1,1
6.099,0,1,0,3
6.101000000000001,0,0,1,1
6.103,0,0,1,0
6.105,0,0,0,1
6.107,0,0,1,3
6.109,0,0,1,1
6.111000000000001,0,0,2,0
6.1129999999999995,0,0,2,0
6.115,0,0,1,0
6.117000000000001,0,0,1,1
6.119,0,0,1,1
6.121,0,1,0,2
6.123,0,0,0,2
6.125,0,0,0,1
6.127000000000001,0,0,1,2
6.129,0,0,0,1
6.131,0,0,2,1
6.133000000000001,0,0,0,1
6.135,1,0,1,1
6.1370000000000005,0,0,0,2
6.139,0,0,1,2
6.141,0,0,1,1
6.143000000000001,0,0,1,4
6.145,0,0,2,2
6.147,0,0,0,3
6.149,0,0,0,2
6.151,0,0,0,0
6.1530000000000005,0,0,1,3
6.154999999999999,0,0,0,1
6.157,0,0,1,1
6.159000000000001,0,0,1,1
6.161,0,1,1,1
6.163,0,0,1,0
6.165,0,0,2,2
6.167,0,0,1,0
6.1690000000000005,0,0,1,2
6.170999999999999,0,0,1,0
6.173,0,0,1,1
6.175000000000001,0,0,3,2
6.177,0,0,0,2
6.179,0,0,0,3
6.181,0,0,2,0
6.183,0,0,0,3
6.1850000000000005,0,0,1,1
6.186999999999999,0,0,1,2
6.189,0,0,0,1
6.191000000000001,0,0,0,2
6.193,0,0,2,0
6.195,0,0,1,0
6.197,0,0,0,1
6.199,0,0,1,1
6.2010000000000005,0,0,0,1
6.202999999999999,0,0,0,0
6.205,0,1,3,1
6.207000000000001,0,0,0,2
6.209,0,0,1,2
6.211,0,0,2,2
6.213,0,0,0,1
6.215,0,0,2,0
6.2170000000000005,0,0,0,1
6.218999999999999,0,0,1,0
6.221,0,0,1,1
6.223000000000001,0,0,0,3
6.225,0,0,1,1
6.227,0,0,0,1
6.229,0,0,0,2
6.231,0,0,1,0
6.2330000000000005,0,0,0,0
6.234999999999999,0,0,0,3
6.237,0,0,3,1
6.239000000000001,0,0,0,2
6.241,0,0,3,0
6.243,0,0,1,2
6.245,0,0,1,1
6.247,0,0,0,3
6.2490000000000006,0,0,0,1
6.2509999999999994,0,0,1,0
6.253,0,0,0,1
6.255000000000001,0,0,2,1
6.257,0,0,1,1
6.259,0,0,3,0
6.261,0,0,1,2
6.263,0,0,0,0
6.265000000000001,0,0,1,0
6.2669999999999995,0,0,2,1
6.269,0,0,1,1
6.271000000000001,0,0,1,5
6.273,0,0,1,1
6.275,0,0,0,1
6.277,0,0,1,0
6.279,0,0,0,1
6.281000000000001,0,0,0,1
6.2829999999999995,0,0,0,3
6.285,0,0,1,0
6.287000000000001,0,0,0,3
6.289,0,0,1,0
6.291,0,0,2,2
6.293,0,0,1,1
6.295,0,0,1,1
6.297000000000001,0,0,0,0
6.2989999999999995,0,0,0,0
6.301,0,0,0,0
6.303000000000001,0,0,3,3
6.305,0,0,0,2
6.307,0,0,0,0
6.309,0,0,3,2
6.311,0,0,2,1
6.313000000000001,0,0,0,0
6.3149999999999995,0,0,1,2
6.317,0,0,2,0
6.319000000000001,0,0,1,1
6.321,0,0,0,1
6.323,0,0,0,1
6.325,0,0,2,1
6.327,0,0,0,0
6.329000000000001,0,0,1,2
6.3309999999999995,0,0,2,2
6.333,0,0,1,0
6.335000000000001,0,0,0,1
6.337,0,0,2,1
6.339,0,0,0,2
6.341,0,0,1,0
6.343,0,0,0,2
6.345000000000001,0,0,0,1
6.3469999999999995,0,0,0,1
6.349,0,0,0,2
6.351000000000001,0,0,1,0
6.353,0,0,0,1
6.355,0,0,0,1
6.357,0,0,2,1
6.359,0,0,0,0
6.361000000000001,0,0,0,0
6.3629999999999995,0,0,0,0
6.365,0,0,1,1
6.367000000000001,0,0,1,0
6.369,0,0,0,1
6.371,0,0,2,0
6.373,0,0,0,1
6.375,0,0,1,1
6.377000000000001,0,0,1,1
6.379,0,0,0,1
6.381,0,0,0,0
6.383000000000001,0,0,0,2
6.385,0,0,1,1
6.3870000000000005,0,0,0,1
6.389,0,0,0,1
6.391,0,0,1,0
6.393000000000001,0,0,2,0
6.395,0,0,2,0
6.397,0,0,3,1
6.399000000000001,0,0,1,1
6.401,0,0,1,0
6.4030000000000005,0,0,0,0
6.404999999999999,0,0,1,1
6.407,0,0,0,2
6.409000000000001,0,0,2,2
6.411,0,0,2,1
6.413,0,0,0,2
6.415,0,0,0,0
6.417,0,0,1,2
6.4190000000000005,0,0,1,1
6.420999999999999,0,0,2,0
6.423,0,0,1,3
6.425000000000001,0,0,0,1
6.427,0,0,0,0
6.429,0,0,0,1
6.431,0,0,1,2
6.433,0,0,0,0
6.4350000000000005,0,0,0,0
6.436999999999999,0,0,1,0
6.439,0,0,1,1
6.441000000000001,0,0,0,1
6.443,0,0,2,1
6.445,0,0,0,2
6.447,0,0,0,1
6.449,0,0,2,1
6.4510000000000005,0,0,0,0
6.452999999999999,0,0,0,2
6.455,0,0,0,1
6.457000000000001,0,0,0,1
6.459,0,0,2,0
6.461,0,0,2,1
6.463,0,0,1,0
6.465,0,0,0,0
6.4670000000000005,0,0,0,2
6.468999999999999,0,0,0,1
6.471,0,0,2,1
6.473000000000001,0,0,0,0
6.475,0,0,0,0
6.477,0,0,1,2
6.479,0,0,0,0
6.481,0,1,1,1
6.4830000000000005,0,0,0,0
6.484999999999999,0,0,2,1
6.487,0,0,1,1
6.489000000000001,0,0,0,0
6.491,0,0,3,0
6.493,0,0,0,0
6.495,0,0,0,1
6.497,0,0,2,3
6.4990000000000006,0,0,1,0
6.5009999999999994,0,0,3,2
6.503,0,0,0,0
6.505000000000001,0,0,0,1
6.507,0,0,1,0
6.509,0,0,0,0
6.511,0,1,0,1
6.513,0,0,2,1
6.515000000000001,0,0,1,0
6.5169999999999995,0,0,0,2
6.519,0,0,1,2
6.521000000000001,0,0,1,3
6.523,0,0,0,0
6.525,0,0,0,0
6.527,1,0,0,0
6.529,0,0,1,1
6.531000000000001,0,0,0,0
6.5329999999999995,0,0,0,2
6.535,0,0,0,1
6.537000000000001,0,0,1,1
6.539,0,0,0,0
6.541,0,1,0,2
6.543,0,0,0,2
6.545,0,0,2,3
6.547000000000001,0,0,0,2
6.5489999999999995,0,1,0,3
6.551,0,0,2,1
6.553000000000001,0,0,2,1
6.555,0,0,1,3
6.557,0,0,1,0
6.559,0,0,0,3
6.561,0,0,0,0
6.563000000000001,0,0,1,1
6.5649999999999995,0,0,1,1
6.567,0,0,0,0
6.569000000000001,0,0,0,1
6.571,0,0,1,1
6.573,0,0,0,2
6.575,0,0,2,0
6.577,0,0,0,1
6.579000000000001,0,0,2,1
6.5809999999999995,0,0,0,1
6.583,0,0,0,0
6.585000000000001,0,0,1,1
6.587,0,0,2,0
6.589,0,0,2,1
6.591,0,0,0,3
6.593,0,0,1,3
6.595000000000001,0,0,0,0
6.5969999999999995,0,0,0,1
6.599,0,0,1,1
6.601000000000001,0,0,0,1
6.603,0,0,1,0
6.605,0,0,2,0
6.607,0,0,2,1
6.609,0,0,0,0
6.611000000000001,0,0,1,1
6.6129999999999995,0,0,3,0
6.615,0,0,0,0
6.617000000000001,0,0,0,2
6.619,0,0,2,1
6.621,0,0,0,0
6.623,0,0,1,1
6.625,1,0,0,0
6.627000000000001,0,0,0,1
6.629,0,0,1,0
6.631,0,0,1,1
6.633000000000001,0,0,0,1
6.635,0,0,1,0
6.6370000000000005,0,0,0,0
6.639,0,0,0,1
6.641,0,0,0,0
6.643000000000001,0,1,1,1
6.645,0,0,1,0
6.647,0,0,2,1
6.649000000000001,0,0,1,2
6.651,0,0,1,1
6.6530000000000005,0,0,1,0
6.655,0,0,0,0
6.657,0,0,0,1
6.659000000000001,0,0,0,1
6.661,0,0,0,0
6.663,0,0,1,2
6.665,0,0,0,2
6.667,0,0,1,0
6.6690000000000005,0,0,1,0
6.670999999999999,0,0,1,0
6.673,0,0,3,1
6.675000000000001,0,0,0,1
6.677,0,0,1,0
6.679,0,0,0,2
6.681,0,0,0,4
6.683,0,1,0,0
6.6850000000000005,0,0,1,0
6.686999999999999,0,0,1,2
6.689,0,0,0,2
6.691000000000001,0,0,0,0
6.693,0,0,1,2
6.695,0,0,1,0
6.697,0,0,0,2
6.699,0,0,0,1
6.7010000000000005,0,0,0,0
6.702999999999999,0,0,1,0
6.705,0,0,0,0
6.707000000000001,0,0,1,0
6.709,0,0,1,0
6.711,0,0,1,0
6.713,0,0,0,0
6.715,0,0,1,1
6.7170000000000005,0,0,1,0
6.718999999999999,0,0,1,2
6.721,0,0,1,0
6.723000000000001,0,0,0,3
6.725,0,0,0,0
6.727,0,0,1,0
6.729,0,0,0,0
6.731,0,0,0,1
6.7330000000000005,0,0,0,0
6.734999999999999,0,0,1,0
6.737,0,0,0,0
6.739000000000001,0,0,0,2
6.741,0,0,0,1
6.743,0,0,0,2
6.745,0,0,0,1
6.747,0,0,0,0
6.7490000000000006,0,0,3,0
6.7509999999999994,0,0,0,1
6.753,0,0,0,0
6.755000000000001,0,0,2,0
6.757,0,0,0,0
6.759,0,0,0,2
6.761,0,0,1,0
6.763,0,0,0,1
6.765000000000001,0,0,1,0
6.7669999999999995,0,0,1,0
6.769,0,0,1,0
6.771000000000001,0,0,1,0
6.773,0,0,0,4
6.775,0,1,1,1
6.777,0,0,0,0
6.779,0,0,0,0
6.781000000000001,0,0,1,0
6.7829999999999995,0,0,0,0
6.785,0,0,1,0
6.787000000000001,0,0,0,1
6.789,0,0,0,3
6.791,0,0,0,0
6.793,0,1,1,3
6.795,0,0,0,1
6.797000000000001,0,0,0,0
6.7989999999999995,0,0,0,0
6.801,0,0,0,1
6.803000000000001,0,0,1,3
6.805,0,0,1,2
6.807,0,0,0,0
6.809,0,0,2,0
6.811,0,0,0,0
6.813000000000001,0,0,0,1
6.8149999999999995,0,0,0,1
6.817,0,0,1,0
6.819000000000001,0,0,0,0
6.821,0,0,0,0
6.823,0,0,1,1
6.825,0,0,1,1
6.827,0,0,1,0
6.829000000000001,0,0,0,0
6.8309999999999995,0,0,0,1
6.833,0,0,0,1
6.835000000000001,0,0,0,0
6.837,0,0,0,2
6.839,0,0,1,0
6.841,0,0,0,0
6.843,0,0,1,0
6.845000000000001,0,0,0,0
6.8469999999999995,0,0,1,2
6.849,0,0,0,1
6.851000000000001,0,0,1,0
6.853,0,0,0,0
6.855,0,0,0,0
6.857,0,0,0,1
6.859,0,0,1,1
6.861000000000001,0,0,1,1
6.8629999999999995,0,0,1,0
6.865,0,0,1,1
6.867000000000001,0,0,1,0
6.869,0,0,1,1
6.871,0,0,1,0
6.873,0,0,0,2
6.875,0,0,1,0
6.877000000000001,0,0,0,0
6.879,0,0,0,0
6.881,0,0,1,0
6.883000000000001,0,0,0,1
6.885,0,0,0,0
6.8870000000000005,0,0,0,1
6.889,0,0,0,0
6.891,0,0,0,2
6.893000000000001,0,0,1,0
6.895,0,0,0,1
6.897,0,0,0,1
6.899000000000001,0,0,1,1
6.901,0,0,0,1
6.9030000000000005,0,0,0,0
6.905,0,0,0,1
6.907,0,0,0,1
6.909000000000001,0,0,1,0
6.911,0,0,1,0
6.913,0,0,0,0
6.915,0,0,0,1
6.917,0,1,0,0
6.9190000000000005,0,0,0,0
6.920999999999999,0,0,0,0
6.923,0,0,1,0
6.925000000000001,0,0,0,0
6.927,0,0,1,1
6.929,0,0,0,0
6.931,0,0,0,1
6.933,0,0,0,1
6.9350000000000005,0,0,0,1
6.936999999999999,0,0,0,1
6.939,0,0,0,0
6.941000000000001,0,0,1,1
6.943,0,0,0,0
6.945,0,0,0,1
6.947,0,0,0,0
6.949,0,0,0,1
6.9510000000000005,0,0,0,1
6.952999999999999,0,0,0,1
6.955,0,0,1,1
6.957000000000001,0,0,0,0
6.959,0,0,0,0
6.961,0,1,0,1
6.963,0,1,0,0
6.965,0,0,2,1
6.9670000000000005,0,0,0,0
6.968999999999999,0,1,0,2
6.971,0,0,1,2
6.973000000000001,0,0,1,0
6.975,0,1,0,0
6.977,0,0,1,0
6.979,0,0,0,1
6.981,0,0,0,1
6.9830000000000005,0,0,1,0
6.984999999999999,0,0,0,0
6.987,0,0,0,0
6.989000000000001,0,0,0,0
6.991,0,0,0,0
6.993,0,0,1,1
6.995,0,0,0,0
6.997,0,0,0,0
6.9990000000000006,0,0,0,2
7.0009999999999994,0,0,0,0
7.003,0,0,1,0
7.005000000000001,0,0,0,0
7.007,0,0,0,0
7.009,1,0,2,0
7.011,0,0,1,0
7.013,0,0,0,1
7.015000000000001,0,0,0,0
7.0169999999999995,0,1,0,3
7.019,0,0,0,1
7.021000000000001,0,0,1,0
7.023,0,0,0,1
7.025,0,0,2,0
7.027,0,0,0,2
7.029,0,0,0,0
7.031000000000001,0,0,1,1
7.0329999999999995,0,0,0,2
7.035,0,0,0,0
7.037000000000001,0,0,0,1
7.039,0,0,0,2
7.041,0,0,0,1
7.043,0,0,0,0
7.045,0,0,0,0
7.047000000000001,0,0,0,0
7.0489999999999995,0,0,1,1
7.051,0,0,1,1
7.053000000000001,0,0,0,1
7.055,0,0,1,1
7.057,0,0,1,0
7.059,0,0,1,0
7.061,0,0,0,1
7.063000000000001,0,0,0,0
7.0649999999999995,0,0,0,0
7.067,0,0,1,0
7.069000000000001,0,0,0,0
7.071,0,0,0,0
7.073,0,0,0,0
7.075,0,0,0,0
7.077,0,0,0,1
7.079000000000001,0,0,1,0
7.0809999999999995,0,0,0,1
7.083,0,0,2,1
7.085000000000001,0,0,0,2
7.087,0,0,0,1
7.089,0,0,0,0
7.091,0,0,0,0
7.093,0,0,0,1
7.095000000000001,0,0,0,0
7.0969999999999995,0,0,0,0
7.099,0,0,1,0
7.101000000000001,0,0,0,0
7.103,0,0,1,0
7.105,0,0,1,1
7.107,0,0,1,0
7.109,0,0,0,0
7.111000000000001,0,0,0,1
7.1129999999999995,0,0,0,1
7.115,0,1,1,0
7.117000000000001,0,0,3,0
7.119,0,0,0,0
7.121,0,0,0,0
7.123,0,0,0,1
7.125,0,0,0,0
7.127000000000001,0,0,0,1
7.129,0,0,1,0
7.131,0,0,1,1
7.133000000000001,0,0,0,0
7.135,0,0,0,0
7.1370000000000005,0,0,2,0
7.139,0,0,2,2
7.141,0,0,0,1
7.143000000000001,0,0,0,0
7.145,0,0,0,2
7.147,0,0,0,1
7.149000000000001,1,0,0,0
7.151,0,0,0,0
7.1530000000000005,0,0,0,0
7.155,0,0,0,0
7.157,0,0,0,0
7.159000000000001,0,0,1,0
7.161,0,0,0,0
7.163,0,0,1,1
7.165000000000001,0,0,0,2
7.167,0,0,1,0
7.1690000000000005,0,0,0,1
7.170999999999999,0,0,0,0
7.173,0,0,0,0
7.175000000000001,0,0,1,1
7.177,0,0,0,1
7.179,0,0,0,0
7.181,0,0,1,0
7.183,0,0,0,0
7.1850000000000005,0,0,0,0
7.186999999999999,0,0,1,2
7.189,0,0,0,0
7.191000000000001,0,0,1,0
7.193,0,0,1,0
7.195,0,1,1,0
7.197,0,0,1,0
7.199,0,0,1,1
7.2010000000000005,0,0,0,0
7.202999999999999,0,0,1,1
7.205,0,0,1,0
7.207000000000001,0,0,0,0
7.209,0,0,0,0
7.211,0,0,0,0
7.213,0,0,1,0
7.215,0,0,1,0
7.2170000000000005,0,0,0,0
7.218999999999999,0,0,0,0
7.221,0,0,0,1
7.223000000000001,0,0,2,0
7.225,0,0,0,0
7.227,0,0,0,1
7.229,0,0,2,0
7.231,0,0,1,0
7.2330000000000005,0,0,1,0
7.234999999999999,0,0,2,1
7.237,0,0,1,1
7.239000000000001,0,0,1,0
7.241,0,0,0,0
7.243,0,0,0,0
7.245,0,0,0,1
7.247,0,0,1,0
7.2490000000000006,0,0,1,0
7.2509999999999994,0,0,0,0
7.253,0,0,1,0
7.255000000000001,0,0,2,0
7.257,0,0,2,0
7.259,0,0,0,0
7.261,0,0,1,0
7.263,0,0,1,0
7.265000000000001,0,0,1,0
7.2669999999999995,0,0,1,0
7.269,0,0,1,1
7.271000000000001,0,0,1,0
7.273,0,0,0,0
7.275,0,0,0,0
7.277,0,0,0,0
7.279,0,0,0,0
7.281000000000001,0,0,1,1
7.2829999999999995,0,0,0,1
7.285,0,0,1,0
7.287000000000001,0,0,0,0
7.289,0,0,1,1
7.291,0,0,0,2
7.293,0,0,0,1
7.295,0,0,0,3
7.297000000000001,0,0,1,0
7.2989999999999995,0,0,1,0
7.301,0,0,0,0
7.303000000000001,0,0,0,0
7.305,0,0,0,0
7.307,0,0,1,0
7.309,0,0,0,1
7.311,0,0,0,0
7.313000000000001,0,0,2,0
7.3149999999999995,0,0,0,1
7.317,0,0,0,1
7.319000000000001,0,0,0,2
7.321,0,0,0,2
7.323,0,0,0,0
7.325,0,0,0,0
7.327,0,0,1,0
7.329000000000001,0,0,1,0
7.3309999999999995,0,0,0,0
7.333,0,0,0,2
7.335000000000001,0,0,0,1
7.337,0,0,1,0
7.339,0,0,1,0
7.341,0,0,0,0
7.343,0,0,0,1
7.345000000000001,0,0,0,0
7.3469999999999995,0,0,1,0
7.349,0,0,0,0
7.351000000000001,0,0,0,0
7.353,0,0,1,0
7.355,0,0,0,0
7.357,0,0,2,0
7.359,0,0,0,0
7.361000000000001,0,0,0,0
7.3629999999999995,0,0,0,1
7.365,0,0,0,1
7.367000000000001,0,0,0,0
7.369,0,0,0,1
7.371,0,0,1,1
7.373,0,0,0,1
7.375,0,0,1,0
7.377000000000001,0,0,0,2
7.379,0,0,1,0
7.381,0,0,0,0
7.383000000000001,0,0,0,0
7.385,0,0,0,1
7.3870000000000005,0,0,0,0
7.389,0,0,0,0
7.391,0,0,0,1
7.393000000000001,0,0,0,0
7.395,0,0,0,0
7.397,0,0,0,0
7.399000000000001,0,0,0,0
7.401,0,0,0,1
7.4030000000000005,0,0,0,3
7.405,0,0,0,0
7.407,0,0,1,1
7.409000000000001,0,0,0,1
7.411,0,0,1,0
7.413,0,0,0,0
7.415000000000001,0,0,0,0
7.417,0,0,0,0
7.4190000000000005,0,0,1,0
7.421,0,0,1,1
7.423,0,0,0,0
7.425000000000001,0,0,0,0
7.427,0,0,0,0
7.429,0,0,0,1
7.431,0,0,0,0
7.433,0,0,1,0
7.4350000000000005,0,0,0,0
7.436999999999999,0,0,1,0
7.439,0,0,0,0
7.441000000000001,0,0,0,1
7.443,0,0,0,0
7.445,0,0,1,0
7.447,0,0,0,0
7.449,0,0,0,0
7.4510000000000005,0,0,0,1
7.452999999999999,0,0,0,0
7.455,0,0,0,1
7.457000000000001,0,0,0,0
7.459,0,0,0,2
7.461,0,0,1,0
7.463,0,0,0,0
7.465,0,0,0,0
7.4670000000000005,0,0,0,0
7.468999999999999,0,0,0,0
7.471,0,0,1,1
7.473000000000001,0,0,1,1
7.475,0,0,0,1
7.477,0,0,0,0
7.479,0,0,1,0
7.481,0,0,0,0
7.4830000000000005,0,0,1,2
7.484999999999999,0,0,0,1
7.487,0,0,0,0
7.489000000000001,0,0,0,1
7.491,0,0,0,0
7.493,0,0,0,0
7.495,0,0,0,0
7.497,0,0,0,0
7.4990000000000006,0,0,0,0
7.5009999999999994,0,0,0,0
7.503,0,0,0,0
7.505000000000001,0,0,0,0
7.507,0,0,2,1
7.509,0,0,0,0
7.511,0,0,1,1
7.513,0,0,0,0
7.515000000000001,0,0,0,0
7.5169999999999995,0,0,0,1
7.519,0,0,0,1
7.521000000000001,0,0,0,1
7.523,0,0,0,0
7.525,0,0,0,0
7.527,0,0,0,2
7.529,0,0,0,1
7.531000000000001,0,0,0,0
7.5329999999999995,0,0,1,0
7.535,0,0,0,0
7.537000000000001,0,0,0,0
7.539,0,0,1,0
7.541,0,0,0,0
7.543,1,0,0,0
7.545,0,0,0,2
7.547000000000001,0,0,1,0
7.5489999999999995,0,0,0,0
7.551,0,0,0,0
7.553000000000001,0,0,0,1
7.555,0,0,0,0
7.557,0,0,0,1
7.559,0,0,0,1
7.561,0,0,0,0
7.563000000000001,0,0,0,0
7.5649999999999995,0,0,0,0
7.567,0,0,0,0
7.569000000000001,0,0,0,0
7.571,0,0,0,1
7.573,0,0,1,0
7.575,0,0,0,0
7.577,0,0,0,0
7.579000000000001,0,0,0,0
7.5809999999999995,0,0,0,0
7.583,0,0,0,0
7.585000000000001,0,0,2,1
7.587,0,0,1,0
7.589,0,0,0,0
7.591,0,0,0,0
7.593,0,0,1,1
7.595000000000001,0,0,0,0
7.5969999999999995,0,0,0,0
7.599,0,0,0,0
7.601000000000001,0,0,0,0
7.603,0,0,0,0
7.605,0,0,0,1
7.607,0,0,0,2
7.609,0,0,0,0
7.611000000000001,0,0,0,0
7.6129999999999995,0,0,0,0
7.615,0,0,0,0
7.617000000000001,0,0,0,0
7.619,0,0,1,0
7.621,0,0,0,0
7.623,0,0,1,0
7.625,0,0,0,1
7.627000000000001,0,0,1,0
7.629,0,0,2,0
7.631,0,0,1,0
7.633000000000001,0,0,0,0
7.635,0,0,0,0
7.6370000000000005,0,0,0,0
7.639,0,0,0,0
7.641,0,0,0,0
7.643000000000001,0,0,0,0
7.645,0,0,0,0
7.647,0,1,0,0
7.649000000000001,0,0,1,0
7.651,0,0,0,0
7.6530000000000005,0,0,1,0
7.655,0,0,2,0
7.657,0,0,0,0
7.659000000000001,0,0,0,0
7.661,0,0,1,0
7.663,0,0,0,0
7.665000000000001,0,0,0,0
7.667,0,0,0,1
7.6690000000000005,0,0,0,0
7.671,0,0,1,0
7.673,0,0,0,0
7.675000000000001,0,0,1,0
7.677,0,0,0,0
7.679,0,0,1,0
7.681,0,0,0,0
7.683,0,0,1,1
7.6850000000000005,0,0,0,1
7.686999999999999,0,0,0,0
7.689,0,0,0,0
7.691000000000001,0,0,0,2
7.693,0,0,2,0
7.695,0,0,0,0
7.697,0,0,0,0
7.699,0,0,0,0
7.7010000000000005,0,0,0,0
7.702999999999999,0,0,0,1
7.705,0,0,1,0
7.707000000000001,0,0,0,0
7.709,0,0,2,1
7.711,0,0,0,1
7.713,0,0,0,1
7.715,0,0,0,0
7.7170000000000005,0,0,1,0
7.718999999999999,0,0,0,0
7.721,0,0,1,0
7.723000000000001,0,0,0,0
7.725,0,0,0,0
7.727,0,0,0,0
7.729,0,0,1,0
7.731,0,0,0,0
7.7330000000000005,0,0,0,0
7.734999999999999,0,0,0,1
7.737,0,0,0,0
7.739000000000001,0,0,0,0
7.741,0,0,0,0
7.743,0,0,0,1
7.745,0,0,1,0
7.747,0,0,0,0
7.7490000000000006,0,0,0,0
7.7509999999999994,0,0,0,0
7.753,0,0,0,0
7.755000000000001,0,0,0,0
7.757,0,0,1,0
7.759,0,0,0,0
7.761,0,0,0,0
7.763,0,0,0,0
7.765000000000001,0,0,0,0
7.7669999999999995,0,0,0,0
7.769,0,0,0,0
7.771000000000001,0,0,0,0
7.773,0,0,0,0
7.775,0,0,0,0
7.777,0,0,1,0
7.779,0,0,1,0
7.781000000000001,0,0,0,0
7.7829999999999995,0,0,0,0
7.785,0,0,0,0
7.787000000000001,0,0,0,0
7.789,0,0,0,0
7.791,0,0,0,0
7.793,0,0,0,0
7.795,0,0,0,0
7.797000000000001,0,0,0,1
7.7989999999999995,0,0,0,0
7.801,0,0,0,0
7.803000000000001,0,0,1,0
7.805,0,0,1,0
7.807,0,0,0,0
7.809,0,0,0,0
7.811,0,0,0,0
7.813000000000001,0,0,0,0
7.8149999999999995,0,0,0,0
7.817,0,0,0,1
7.819000000000001,0,0,0,0
7.821,0,0,1,0
7.823,0,0,0,0
7.825,0,0,0,1
7.827,0,0,1,1
7.829000000000001,0,0,1,0
7.8309999999999995,0,0,0,0
7.833,0,0,0,0
7.835000000000001,0,0,1,0
7.837,0,0,0,0
7.839,0,0,0,0
7.841,0,0,0,0
7.843,0,0,0,0
7.845000000000001,0,0,0,0
7.8469999999999995,0,0,0,0
7.849,0,0,0,1
7.851000000000001,0,0,0,0
7.853,0,0,1,0
7.855,0,0,0,0
7.857,0,0,1,0
7.859,0,0,0,0
7.861000000000001,0,0,0,0
7.8629999999999995,0,0,0,0
7.865,0,0,1,0
7.867000000000001,0,0,1,0
7.869,0,0,0,1
7.871,0,0,0,0
7.873,0,0,0,0
7.875,0,0,0,0
7.877000000000001,0,0,0,1
7.879,0,0,0,1
7.881,0,0,1,0
7.883000000000001,0,0,1,0
7.885,0,0,0,0
7.8870000000000005,0,0,0,0
7.889,0,0,0,2
7.891,0,0,1,0
7.893000000000001,0,0,0,1
7.895,0,0,0,0
7.897,0,0,0,1
7.899000000000001,0,0,0,0
7.901,0,0,0,3
7.9030000000000005,1,0,0,0
7.905,0,0,0,0
7.907,0,0,0,0
7.909000000000001,0,0,0,0
7.911,0,0,0,0
7.913,0,0,1,0
7.915000000000001,0,0,0,1
7.917,0,0,0,1
7.9190000000000005,0,0,1,1
7.921,0,0,1,0
7.923,0,0,0,0
7.925000000000001,0,0,0,0
7.927,0,0,0,0
7.929,0,0,0,1
7.931000000000001,0,0,0,0
7.933,0,0,0,0
7.9350000000000005,0,0,0,1
7.936999999999999,0,0,0,0
7.939,0,1,0,0
7.941000000000001,0,0,0,0
7.943,0,0,0,1
7.945,0,0,0,0
7.947,0,0,0,0
7.949,0,0,0,0
7.9510000000000005,0,0,0,0
7.952999999999999,0,0,1,1
7.955,0,0,0,0
7.957000000000001,0,0,0,0
7.959,0,0,0,0
7.961,0,0,0,0
7.963,0,0,1,0
7.965,0,0,0,1
7.9670000000000005,0,0,0,1
7.968999999999999,0,0,0,2
7.971,0,0,1,1
7.973000000000001,0,0,0,0
7.975,0,0,0,0
7.977,0,0,0,0
7.979,0,0,1,0
7.981,0,0,1,0
7.9830000000000005,0,0,1,0
7.984999999999999,0,0,1,0
7.987,0,0,0,0
7.989000000000001,0,0,1,0
7.991,0,0,0,0
7.993,0,0,0,0
7.995,0,0,0,0
7.997,0,0,0,0
7.9990000000000006,0,0,0,0
8.001000000000001,0,0,0,0
8.003,0,0,0,0
8.004999999999999,0,0,0,0
8.007000000000001,0,0,0,0
8.009,0,0,0,0
8.011,0,0,0,0
8.013,0,0,0,1
8.015,0,0,0,0
8.017,0,0,0,0
8.019,0,0,0,0
8.021,0,0,0,0
8.023,0,0,1,0
8.025,0,0,0,0
8.027000000000001,0,0,0,0
8.029,0,0,0,0
8.030999999999999,0,0,0,0
8.033000000000001,0,0,1,1
8.035,0,0,0,0
8.036999999999999,0,0,0,0
8.039000000000001,0,0,0,0
8.041,0,0,0,0
8.043,0,0,0,1
8.045,0,0,0,0
8.047,0,0,0,0
8.049,0,0,0,0
8.051,0,0,0,0
8.053,0,0,0,0
8.055,0,0,0,0
8.057,0,0,0,0
8.059000000000001,0,0,0,0
8.061,0,0,1,0
8.062999999999999,0,0,0,0
8.065000000000001,0,0,0,0
8.067,0,0,0,0
8.068999999999999,0,0,1,0
8.071000000000002,0,0,0,0
8.073,0,0,0,0
8.075,0,0,0,0
8.077,0,0,0,0
8.079,0,0,0,0
8.081,0,0,0,0
8.083,0,0,0,0
8.085,0,0,0,0
8.087,0,0,0,1
8.089,0,0,0,1
8.091000000000001,0,0,0,0
8.093,0,0,0,0
8.094999999999999,0,0,0,0
8.097000000000001,0,0,0,0
8.099,0,0,0,0
8.100999999999999,0,0,0,1
8.103000000000002,0,0,0,0
8.105,0,0,0,0
8.107,0,0,0,0
8.109,0,0,0,1
8.111,0,0,0,0
8.113,0,0,0,0
8.115,0,0,0,1
8.117,0,0,0,0
8.119,0,0,1,0
8.121,0,1,0,0
8.123000000000001,0,0,0,0
8.125,0,0,0,0
8.126999999999999,0,0,0,1
8.129000000000001,0,0,0,0
8.131,0,0,0,1
8.133,0,0,0,0
8.135000000000002,0,0,0,0
8.137,0,0,0,0
8.139,0,0,0,0
8.141,0,0,0,0
8.143,0,0,0,0
8.145,0,0,0,0
8.147,0,0,0,0
8.149000000000001,0,0,0,0
8.151,0,0,0,0
8.153,0,0,0,0
8.155000000000001,0,0,1,0
8.157,0,0,0,0
8.158999999999999,0,0,0,0
8.161000000000001,0,0,0,0
8.163,0,0,0,0
8.165,0,0,0,1
8.167000000000002,0,0,0,0
8.169,0,0,0,0
8.171,0,0,0,0
8.173,0,0,0,0
8.175,0,0,0,0
8.177,0,0,0,0
8.179,0,0,1,0
8.181000000000001,0,0,0,1
8.183,0,0,0,1
8.185,0,0,0,0
8.187000000000001,0,0,1,0
8.189,0,0,0,0
8.190999999999999,0,0,0,0
8.193000000000001,0,0,0,0
8.195,0,0,0,1
8.197,0,0,0,0
8.199,0,0,0,0
8.201,0,0,0,0
8.203,0,0,0,0
8.205,0,0,0,0
8.207,0,0,0,0
8.209,0,0,0,0
8.211,0,0,0,0
8.213000000000001,0,0,0,0
8.215,0,0,0,0
8.216999999999999,0,0,0,0
8.219000000000001,0,0,0,0
8.221,0,0,0,0
8.222999999999999,0,0,0,0
8.225000000000001,0,0,0,0
8.227,0,0,0,0
8.229,0,0,0,0
8.231,0,0,0,0
8.233,0,0,0,0
8.235,0,0,0,1
8.237,0,0,0,0
8.239,0,0,0,1
8.241,0,0,0,0
8.243,0,0,0,1
8.245000000000001,0,0,0,0
8.247,0,0,0,0
8.248999999999999,0,0,1,0
8.251000000000001,0,0,0,0
8.253,0,0,1,0
8.254999999999999,0,0,1,0
8.257000000000001,0,0,0,0
8.259,0,0,0,0
8.261,0,0,0,1
8.263,0,0,0,1
8.265,0,0,0,0
8.267,0,0,0,0
8.269,0,0,0,0
8.271,0,0,0,1
8.273,0,0,0,0
8.275,0,0,0,0
8.277000000000001,0,0,0,0
8.279,0,0,1,0
8.280999999999999,0,0,0,0
8.283000000000001,0,0,0,0
8.285,0,0,0,0
8.286999999999999,0,0,0,0
8.289000000000001,0,0,0,0
8.291,0,1,0,0
8.293,0,0,0,0
8.295,0,0,0,0
8.297,0,0,0,0
8.299,0,0,0,0
8.301,0,0,0,0
8.303,0,0,0,0
8.305,0,0,0,0
8.307,0,0,0,0
8.309000000000001,0,0,0,1
8.311,0,0,0,0
8.312999999999999,0,0,0,0
8.315000000000001,0,0,0,0
8.317,0,0,0,0
8.318999999999999,0,0,0,0
8.321000000000002,0,0,0,0
8.323,0,0,0,0
8.325,0,0,0,0
8.327,0,0,0,0
8.329,0,0,0,0
8.331,0,0,0,0
8.333,0,0,0,0
8.335,0,0,1,0
8.337,0,0,0,0
8.339,0,0,0,0
8.341000000000001,0,0,1,0
8.343,0,0,0,0
8.344999999999999,0,0,0,0
8.347000000000001,0,0,0,0
8.349,0,0,1,0
8.350999999999999,0,0,0,0
8.353000000000002,0,0,0,0
8.355,0,0,0,1
8.357,0,0,0,0
8.359,0,0,0,1
8.361,0,0,0,0
8.363,0,0,1,0
8.365,0,0,0,1
8.367,0,0,0,0
8.369,0,0,0,0
8.371,0,0,0,0
8.373000000000001,0,1,0,0
8.375,0,0,0,0
8.376999999999999,0,0,0,0
8.379000000000001,0,0,0,0
8.381,0,0,0,0
8.383,0,0,0,0
8.385000000000002,0,0,1,0
8.387,0,0,0,1
8.389,0,0,0,0
8.391,0,0,0,0
8.393,0,0,0,0
8.395,0,0,0,0
8.397,0,0,0,0
8.399000000000001,0,0,0,0
8.401,0,0,0,0
8.403,0,0,0,0
8.405000000000001,0,0,0,0
8.407,0,0,0,0
8.408999999999999,0,0,0,0
8.411000000000001,0,0,0,0
8.413,0,0,0,0
8.415,0,0,0,0
8.417000000000002,0,0,1,0
8.419,0,0,0,0
8.421,0,0,0,0
8.423,0,0,0,0
8.425,0,0,0,0
8.427,0,0,0,0
8.429,0,0,0,0
8.431000000000001,0,0,0,0
8.433,0,0,0,0
8.435,0,0,0,0
8.437000000000001,0,0,0,0
8.439,0,0,0,0
8.440999999999999,0,0,0,0
8.443000000000001,0,0,0,1
8.445,0,0,0,0
8.447,0,0,1,0
8.449,0,0,0,0
8.451,0,0,0,1
8.453,0,0,0,0
8.455,0,0,0,0
8.457,0,0,0,1
8.459,0,0,0,0
8.461,0,0,1,0
8.463000000000001,0,0,0,0
8.465,0,0,0,0
8.466999999999999,0,0,0,0
8.469000000000001,0,0,0,0
8.471,0,0,1,0
8.472999999999999,0,0,0,0
8.475000000000001,0,0,0,0
8.477,0,0,0,0
8.479,0,0,0,0
8.481,0,0,0,0
8.483,0,0,0,0
8.485,0,0,0,0
8.487,0,0,0,0
8.489,0,0,0,0
8.491,0,0,0,0
8.493,0,0,0,0
8.495000000000001,0,0,0,1
8.497,0,0,0,0
8.498999999999999,0,0,0,0
8.501000000000001,0,0,0,0
8.503,0,0,0,0
8.504999999999999,0,0,0,0
8.507000000000001,0,0,0,0
8.509,0,0,0,0
8.511,0,0,1,0
8.513,0,0,0,0
8.515,0,0,0,0
8.517,0,0,0,0
8.519,0,0,0,0
8.521,0,0,1,0
8.523,0,0,0,0
8.525,0,0,0,0
8.527000000000001,0,0,0,0
8.529,0,0,0,0
8.530999999999999,0,0,0,0
8.533000000000001,0,0,0,0
8.535,0,0,0,0
8.536999999999999,0,0,0,0
8.539000000000001,0,0,0,0
8.541,0,0,0,0
8.543,0,0,0,0
8.545,0,0,0,0
8.547,0,0,0,1
8.549,0,0,0,0
8.551,0,0,0,0
8.553,0,0,0,0
8.555,0,0,0,0
8.557,0,1,0,0
8.559000000000001,0,0,0,0
8.561,0,0,0,1
8.562999999999999,0,0,0,0
8.565000000000001,0,0,0,1
8.567,0,0,0,0
8.568999999999999,0,0,0,0
8.571000000000002,0,0,0,1
8.573,0,0,0,0
8.575,0,0,0,0
8.577,0,0,0,0
8.579,0,0,0,0
8.581,0,0,1,0
8.583,0,0,0,0
8.585,0,0,0,0
8.587,0,0,2,0
8.589,0,0,0,0
8.591000000000001,0,0,0,0
8.593,0,0,0,0
8.594999999999999,0,0,0,0
8.597000000000001,0,0,0,0
8.599,0,0,0,0
8.600999999999999,0,0,0,0
8.603000000000002,0,0,0,0
8.605,0,0,0,0
8.607,0,0,0,0
8.609,0,0,0,0
8.611,0,0,0,0
8.613,0,0,0,0
8.615,0,0,0,0
8.617,0,0,0,0
8.619,0,0,0,0
8.621,0,0,0,0
8.623000000000001,0,0,0,0
8.625,0,0,1,0
8.626999999999999,0,0,0,0
8.629000000000001,0,0,0,0
8.631,0,0,0,0
8.633,0,0,0,0
8.635000000000002,0,0,0,0
8.637,0,0,0,0
8.639,0,0,0,0
8.641,0,0,0,0
8.643,0,0,0,0
8.645,0,0,0,0
8.647,0,0,0,0
8.649000000000001,0,0,0,0
8.651,0,0,0,0
8.653,0,0,0,0
8.655000000000001,0,0,0,0
8.657,0,0,0,0
8.658999999999999,0,0,0,0
8.661000000000001,0,0,0,0
8.663,0,0,0,0
8.665,0,0,0,0
8.667000000000002,0,0,0,0
8.669,0,0,0,0
8.671,0,0,0,0
8.673,0,0,0,0
8.675,0,0,0,0
8.677,0,0,0,0
8.679,0,0,0,0
8.681000000000001,0,0,0,0
8.683,0,0,0,0
8.685,0,0,0,0
8.687000000000001,0,0,0,0
8.689,0,0,0,0
8.690999999999999,0,0,0,0
8.693000000000001,0,0,0,0
8.695,0,0,0,0
8.697,0,0,0,0
8.699000000000002,0,0,0,0
8.701,0,0,0,0
8.703,0,0,0,0
8.705,0,0,0,0
8.707,0,0,0,0
8.709,0,0,0,0
8.711,0,0,0,0
8.713000000000001,0,0,0,0
8.715,0,0,0,0
8.716999999999999,0,0,1,0
8.719000000000001,0,0,0,0
8.721,0,0,0,0
8.722999999999999,0,0,0,0
8.725000000000001,0,0,0,0
8.727,0,0,0,0
8.729,0,0,0,0
8.731,0,0,0,0
8.733,0,0,0,0
8.735,0,0,0,0
8.737,1,0,0,0
8.739,0,0,0,0
8.741,0,0,0,0
8.743,0,0,0,0
8.745000000000001,0,0,0,0
8.747,0,0,1,0
8.748999999999999,0,0,0,0
8.751000000000001,0,0,0,1
8.753,0,0,0,0
8.754999999999999,0,0,0,0
8.757000000000001,0,0,0,0
8.759,0,0,0,0
8.761,0,0,0,0
8.763,0,0,0,0
8.765,0,0,0,0
8.767,0,0,0,0
8.769,0,0,0,0
8.771,0,0,0,0
8.773,0,0,0,0
8.775,0,0,0,0
8.777000000000001,0,0,0,0
8.779,0,0,0,0
8.780999999999999,0,0,0,1
8.783000000000001,0,0,1,0
8.785,0,0,0,0
8.786999999999999,0,0,0,0
8.789000000000001,0,0,0,0
8.791,0,0,0,0
8.793,0,0,0,0
8.795,0,0,0,0
8.797,0,0,0,0
8.799,0,0,0,1
8.801,0,0,0,0
8.803,0,0,0,0
8.805,0,0,0,0
8.807,0,0,0,0
8.809000000000001,0,0,0,0
8.811,0,0,0,0
8.812999999999999,0,0,0,0
8.815000000000001,0,0,0,0
8.817,0,0,0,0
8.818999999999999,0,0,0,0
8.821000000000002,0,0,0,0
8.823,0,0,0,0
8.825,0,0,0,0
8.827,0,0,0,0
8.829,0,0,0,0
8.831,0,0,0,0
8.833,0,0,0,0
8.835,0,0,0,0
8.837,0,0,0,0
8.839,0,0,0,0
8.841000000000001,0,0,0,0
8.843,0,0,0,0
8.844999999999999,0,0,0,0
8.847000000000001,0,0,0,0
8.849,0,0,1,0
8.850999999999999,0,0,1,0
8.853000000000002,0,0,0,0
8.855,0,0,0,0
8.857,0,0,0,0
8.859,0,0,0,0
8.861,0,0,0,0
8.863,0,0,0,0
8.865,0,0,0,0
8.867,0,0,0,0
8.869,0,0,0,0
8.871,0,0,0,0
8.873000000000001,0,0,0,0
8.875,0,0,0,0
8.876999999999999,0,0,1,0
8.879000000000001,0,0,0,0
8.881,0,0,0,0
8.883,0,0,0,0
8.885000000000002,0,0,0,0
8.887,0,0,0,0
8.889,0,0,0,0
8.891,0,0,0,0
8.893,0,0,0,0
8.895,0,0,0,0
8.897,0,0,0,0
8.899000000000001,0,0,0,0
8.901,0,0,0,0
8.903,0,0,0,0
8.905000000000001,0,0,0,0
8.907,0,0,0,0
8.908999999999999,0,0,0,0
8.911000000000001,0,0,0,1
8.913,0,0,0,0
8.915,0,0,0,0
8.917000000000002,0,0,0,0
8.919,0,0,0,0
8.921,0,0,0,0
8.923,0,0,0,0
8.925,0,0,0,0
8.927,0,0,0,0
8.929,0,0,0,0
8.931000000000001,0,0,0,0
8.933,0,0,0,0
8.935,0,0,0,0
8.937000000000001,0,0,0,0
8.939,0,0,0,0
8.940999999999999,0,0,0,0
8.943000000000001,0,0,0,0
8.945,0,0,0,0
8.947,0,0,0,0
8.949000000000002,0,0,0,0
8.951,0,0,0,0
8.953,0,0,0,0
8.955,0,0,0,1
8.957,0,0,0,0
8.959,0,0,0,0
8.961,0,0,0,0
8.963000000000001,0,0,0,0
8.965,0,0,0,0
8.966999999999999,0,0,0,0
8.969000000000001,0,0,0,0
8.971,0,0,0,0
8.972999999999999,0,0,0,0
8.975000000000001,0,0,0,0
8.977,0,0,0,0
8.979,0,0,0,0
8.981,0,0,0,0
8.983,0,0,0,0
8.985,0,0,0,0
8.987,0,0,1,0
8.989,0,0,0,0
8.991,0,0,0,0
8.993,0,0,0,0
8.995000000000001,0,0,0,0
8.997,0,0,0,0
8.998999999999999,0,0,0,0
9.001000000000001,0,0,0,0
9.003,0,0,0,0
9.004999999999999,0,0,0,0
9.007000000000001,0,0,0,0
9.009,0,0,0,0
9.011,0,0,0,0
9.013,0,0,0,0
9.015,0,0,0,0
9.017,0,0,0,0
9.019,0,0,0,0
9.021,0,0,0,0
9.023,0,0,0,0
9.025,0,0,0,0
9.027000000000001,0,0,0,0
9.029,0,0,0,0
9.030999999999999,0,0,0,0
9.033000000000001,0,0,0,0
9.035,0,0,0,0
9.036999999999999,0,0,0,0
9.039000000000001,0,0,0,2
9.041,0,0,0,0
9.043,0,0,0,0
9.045,0,0,0,0
9.047,0,0,0,0
9.049,0,0,0,0
9.051,0,0,0,0
9.053,0,0,0,0
9.055,0,0,0,0
9.057,0,0,0,0
9.059000000000001,0,0,0,0
9.061,0,0,0,0
9.062999999999999,0,0,0,0
9.065000000000001,0,0,0,0
9.067,0,0,0,0
9.068999999999999,0,0,0,0
9.071000000000002,0,0,0,0
9.073,0,0,0,0
9.075,0,0,0,1
9.077,0,0,0,0
9.079,0,0,0,0
9.081,0,0,0,0
9.083,0,0,0,0
9.085,0,0,0,0
9.087,0,0,0,0
9.089,0,0,0,0
9.091000000000001,0,0,0,0
9.093,0,0,0,0
9.094999999999999,0,0,0,0
9.097000000000001,0,0,0,0
9.099,0,0,0,0
9.100999999999999,0,0,0,0
9.103000000000002,0,0,0,0
9.105,0,0,0,0
9.107,0,0,0,0
9.109,0,0,0,0
9.111,0,0,0,0
9.113,0,0,0,0
9.115,0,0,0,0
9.117,0,0,0,0
9.119,0,0,0,0
9.121,0,0,0,0
9.123000000000001,0,0,0,0
9.125,0,0,0,0
9.126999999999999,0,0,0,0
9.129000000000001,0,0,0,0
9.131,0,0,0,0
9.133,0,0,0,0
9.135000000000002,0,0,0,0
9.137,0,0,0,0
9.139,0,0,0,0
9.141,0,0,0,0
9.143,0,0,1,0
9.145,0,0,0,0
9.147,0,0,0,0
9.149000000000001,0,0,0,0
9.151,0,0,0,0
9.153,0,0,0,0
9.155000000000001,0,0,0,0
9.157,0,0,0,0
9.158999999999999,0,0,0,1
9.161000000000001,0,0,0,0
9.163,0,0,0,0
9.165,0,0,0,0
9.167000000000002,0,0,0,1
9.169,0,0,0,0
9.171,0,0,0,0
9.173,0,0,0,0
9.175,0,0,0,0
9.177,0,0,0,0
9.179,0,0,0,0
9.181000000000001,0,0,0,0
9.183,0,0,0,0
9.185,0,0,0,0
9.187000000000001,0,0,0,0
9.189,0,0,0,0
9.190999999999999,0,0,0,0
9.193000000000001,0,0,0,0
9.195,0,0,0,0
9.197,0,0,0,0
9.199000000000002,0,0,0,0
9.201,0,0,1,0
9.203,0,0,0,0
9.205,0,0,0,0
9.207,0,0,0,0
9.209,0,0,0,0
9.211,0,0,0,0
9.213000000000001,0,0,0,0
9.215,0,0,0,0
9.217,0,0,0,0
9.219000000000001,0,0,0,0
9.221,0,0,0,0
9.222999999999999,0,0,0,1
9.225000000000001,0,0,0,0
9.227,0,0,0,0
9.229,0,0,0,0
9.231,0,0,0,0
9.233,0,0,0,0
9.235,0,0,0,0
9.237,0,0,0,0
9.239,0,0,0,0
9.241,0,0,0,0
9.243,0,0,0,0
9.245000000000001,0,0,0,0
9.247,0,0,0,0
9.248999999999999,0,0,0,0
9.251000000000001,0,0,0,0
9.253,0,0,0,0
9.254999999999999,0,0,0,0
9.257000000000001,0,0,0,0
9.259,0,0,0,0
9.261,0,0,0,0
9.263,0,0,1,0
9.265,0,0,0,0
9.267,0,0,0,0
9.269,0,0,0,0
9.271,0,0,0,0
9.273,0,0,0,0
9.275,0,0,0,0
9.277000000000001,0,0,0,0
9.279,0,0,1,0
9.280999999999999,0,0,0,0
9.283000000000001,0,0,0,0
9.285,0,0,0,0
9.286999999999999,0,0,0,0
9.289000000000001,0,0,0,0
9.291,0,0,0,0
9.293,0,0,0,0
9.295,0,0,0,0
9.297,0,0,0,0
9.299,0,0,0,0
9.301,0,0,0,0
9.303,0,0,0,0
9.305,0,0,0,0
9.307,0,0,0,0
9.309000000000001,0,0,0,0
9.311,0,0,0,0
9.312999999999999,0,0,0,0
9.315000000000001,0,0,0,0
9.317,0,0,0,0
9.318999999999999,0,0,0,0
9.321000000000002,0,0,0,0
9.323,0,0,0,0
9.325,0,0,0,0
9.327,0,0,0,0
9.329,0,0,0,0
9.331,0,0,0,0
9.333,0,0,0,0
9.335,0,0,0,0
9.337,0,0,0,0
9.339,0,0,1,0
9.341000000000001,0,0,0,0
9.343,0,0,0,0
9.344999999999999,0,0,0,0
9.347000000000001,0,0,0,0
9.349,0,0,0,0
9.350999999999999,0,0,0,0
9.353000000000002,0,0,0,0
9.355,0,0,0,0
9.357,0,0,0,0
9.359,0,0,0,0
9.361,0,0,0,0
9.363,0,0,0,0
9.365,0,0,0,0
9.367,0,0,0,0
9.369,0,0,0,0
9.371,0,0,0,0
9.373000000000001,0,0,0,0
9.375,0,0,0,0
9.376999999999999,0,0,0,0
9.379000000000001,0,0,0,0
9.381,0,0,0,0
9.383,0,0,0,0
9.385000000000002,0,0,0,0
9.387,0,0,0,0
9.389,0,0,0,0
9.391,0,0,0,0
9.393,0,0,0,0
9.395,0,0,0,0
9.397,0,0,0,0
9.399000000000001,0,0,0,0
9.401,0,0,0,0
9.403,0,0,0,0
9.405000000000001,0,0,0,0
9.407,0,0,0,0
9.408999999999999,0,0,0,0
9.411000000000001,0,0,0,0
9.413,0,0,0,0
9.415,0,0,0,0
9.417000000000002,0,0,0,0
9.419,0,0,0,0
9.421,0,0,0,0
9.423,0,0,0,0
9.425,0,0,1,0
9.427,0,0,0,0
9.429,0,0,0,0
9.431000000000001,0,0,0,0
9.433,0,0,0,0
9.435,0,0,0,0
9.437000000000001,0,0,0,0
9.439,0,0,0,0
9.440999999999999,0,0,0,0
9.443000000000001,0,0,0,0
9.445,0,0,0,0
9.447,0,0,0,0
9.449000000000002,0,0,0,0
9.451,0,0,0,0
9.453,0,0,0,0
9.455,0,0,0,0
9.457,0,0,0,0
9.459,0,0,0,0
9.461,0,0,0,0
9.463000000000001,0,0,0,0
9.465,0,0,0,0
9.467,0,0,0,0
9.469000000000001,0,0,0,0
9.471,0,0,0,0
9.472999999999999,0,0,0,0
9.475000000000001,0,0,0,0
9.477,0,0,0,0
9.479,0,0,0,0
9.481,0,0,0,0
9.483,0,0,0,0
9.485,0,0,0,0
9.487,0,0,0,0
9.489,0,0,0,0
9.491,0,0,0,0
9.493,0,0,0,0
9.495000000000001,0,0,0,0
9.497,0,0,0,0
9.498999999999999,0,0,0,0
9.501000000000001,0,0,0,0
9.503,0,0,0,0
9.504999999999999,0,0,0,0
9.507000000000001,0,0,0,0
9.509,0,0,0,0
9.511,0,0,0,0
9.513,0,0,0,0
9.515,0,0,0,0
9.517,0,0,0,0
9.519,0,0,0,0
9.521,0,0,0,0
9.523,0,0,0,0
9.525,0,0,0,0
9.527000000000001,0,0,0,0
9.529,0,0,0,0
9.530999999999999,0,0,0,0
9.533000000000001,0,0,0,0
9.535,0,0,0,0
9.536999999999999,0,0,0,0
9.539000000000001,0,0,0,0
9.541,0,0,0,0
9.543,0,0,0,0
9.545,0,0,0,0
9.547,0,0,0,0
9.549,0,0,0,0
9.551,0,0,0,0
9.553,0,0,0,0
9.555,0,0,0,0
9.557,0,0,0,0
9.559000000000001,0,0,0,0
9.561,0,0,0,0
9.562999999999999,0,0,0,0
9.565000000000001,0,0,0,0
9.567,0,0,0,0
9.568999999999999,0,0,0,0
9.571000000000002,0,0,0,0
9.573,0,0,0,0
9.575,0,0,0,0
9.577,0,0,0,0
9.579,0,0,0,0
9.581,0,0,0,0
9.583,0,0,0,0
9.585,0,0,0,0
9.587,0,0,0,0
9.589,0,0,0,0
9.591000000000001,0,0,0,0
9.593,0,0,0,0
9.594999999999999,0,0,0,0
9.597000000000001,0,0,0,0
9.599,0,0,0,0
9.600999999999999,0,0,0,0
9.603000000000002,0,0,0,0
9.605,0,0,0,0
9.607,0,0,0,0
9.609,0,0,0,0
9.611,0,0,0,0
9.613,0,0,0,0
9.615,0,0,0,0
9.617,0,0,0,0
9.619,0,0,0,0
9.621,0,0,0,0
9.623000000000001,0,0,0,0
9.625,0,0,0,0
9.626999999999999,0,0,0,0
9.629000000000001,0,0,0,0
9.631,0,0,0,0
9.633,0,0,0,0
9.635000000000002,0,0,0,0
9.637,0,0,0,0
9.639,0,0,0,0
9.641,0,0,0,0
9.643,0,0,0,0
9.645,0,0,0,0
9.647,0,0,0,0
9.649000000000001,0,0,0,0
9.651,0,0,0,0
9.653,0,0,0,0
9.655000000000001,0,0,0,0
9.657,0,0,0,0
9.658999999999999,0,0,0,0
9.661000000000001,0,0,0,0
9.663,0,0,0,0
9.665,0,0,0,0
9.667000000000002,0,0,0,0
9.669,0,0,0,0
9.671,0,0,0,0
9.673,0,0,0,0
9.675,0,0,0,0
9.677,0,0,0,0
9.679,0,0,0,0
9.681000000000001,0,0,0,0
9.683,0,0,0,0
9.685,0,0,0,0
9.687000000000001,0,0,0,0
9.689,0,0,0,0
9.690999999999999,0,0,0,0
9.693000000000001,0,0,0,0
9.695,0,0,0,0
9.697,0,0,0,0
9.699000000000002,0,0,0,0
9.701,0,0,0,0
9.703,0,0,0,0
9.705,0,0,0,0
9.707,0,0,0,0
9.709,0,0,0,0
9.711,0,0,0,0
9.713000000000001,0,0,0,0
9.715,0,0,0,0
9.717,0,0,0,0
9.719000000000001,0,0,0,0
9.721,0,0,0,0
9.722999999999999,0,0,0,0
9.725000000000001,0,0,0,0
9.727,0,0,0,0
9.729,0,0,0,0
9.731,0,0,0,0
9.733,0,0,0,0
9.735,0,0,0,0
9.737,0,0,0,0
9.739,0,0,0,0
9.741,0,0,0,0
9.743,0,0,0,0
9.745000000000001,0,0,0,0
9.747,0,0,0,0
9.748999999999999,0,0,0,0
9.751000000000001,0,0,0,0
9.753,0,0,0,0
9.754999999999999,0,0,0,0
9.757000000000001,0,0,0,0
9.759,0,0,0,0
9.761,0,0,0,0
9.763,0,0,0,0
9.765,0,0,0,0
9.767,0,0,0,0
9.769,0,0,0,0
9.771,0,0,0,0
9.773,0,0,0,0
9.775,0,0,0,0
9.777000000000001,0,0,0,0
9.779,0,0,0,0
9.780999999999999,0,0,0,0
9.783000000000001,0,0,0,0
9.785,0,0,0,0
9.786999999999999,0,0,0,0
9.789000000000001,0,0,0,0
9.791,0,0,0,0
9.793,0,0,0,0
9.795,0,0,0,0
9.797,0,0,0,0
9.799,0,0,0,0
9.801,0,0,0,0
9.803,0,0,0,0
9.805,0,0,0,0
9.807,0,0,0,0
9.809000000000001,0,0,0,0
9.811,0,0,0,0
9.812999999999999,0,0,0,0
9.815000000000001,0,0,0,0
9.817,0,0,0,0
9.818999999999999,0,0,0,0
9.821000000000002,0,0,0,0
9.823,0,0,0,0
9.825,0,0,0,0
9.827,0,0,0,0
9.829,0,0,0,0
9.831,0,0,0,0
9.833,0,0,0,0
9.835,0,0,0,0
9.837,0,0,0,0
9.839,0,0,0,0
9.841000000000001,0,0,0,0
9.843,0,0,0,0
9.844999999999999,0,0,0,0
9.847000000000001,0,0,0,0
9.849,0,0,0,0
9.850999999999999,0,0,0,0
9.853000000000002,0,0,0,0
9.855,0,0,0,0
9.857,0,0,0,0
9.859,0,0,0,0
9.861,0,0,0,0
9.863,0,0,0,0
9.865,0,0,0,0
9.867,0,0,0,0
9.869,0,0,0,0
9.871,0,0,0,0
9.873000000000001,0,0,0,0
9.875,0,0,0,0
9.876999999999999,0,0,0,0
9.879000000000001,0,0,0,0
9.881,0,0,0,0
9.883,0,0,0,0
9.885000000000002,0,0,0,0
9.887,0,0,0,0
9.889,0,0,0,0
9.891,0,0,0,0
9.893,0,0,0,0
9.895,0,0,0,0
9.897,0,0,0,0
9.899000000000001,0,0,0,0
9.901,0,0,0,0
9.903,0,0,0,0
9.905000000000001,0,0,0,0
9.907,0,0,0,0
9.908999999999999,0,0,0,0
9.911000000000001,0,0,0,0
9.913,0,0,0,0
9.915,0,0,0,0
9.917000000000002,0,0,0,0
9.919,0,0,0,0
9.921,0,0,0,0
9.923,0,0,0,0
9.925,0,0,0,0
9.927,0,0,0,0
9.929,0,0,0,0
9.931000000000001,0,0,0,0
9.933,0,0,0,0
9.935,0,0,0,0
9.937000000000001,0,0,0,0
9.939,0,0,0,0
9.940999999999999,0,0,0,0
9.943000000000001,0,0,0,0
9.945,0,0,0,0
9.947,0,0,0,0
9.949000000000002,0,0,0,0
9.951,0,0,0,0
9.953,0,0,0,0
9.955,0,0,0,0
9.957,0,0,0,0
9.959,0,0,0,0
9.961,0,0,0,0
9.963000000000001,0,0,0,0
9.965,0,0,0,0
9.967,0,0,0,0
9.969000000000001,0,0,0,0
9.971,0,0,0,0
9.972999999999999,0,0,0,0
9.975000000000001,0,0,0,0
9.977,0,0,0,0
9.979,0,0,0,0
9.981000000000002,0,0,0,0
9.983,0,0,0,0
9.985,0,0,0,0
9.987,0,0,0,0
9.989,0,0,0,0
9.991,0,0,0,0
9.993,0,0,0,0
9.995000000000001,0,0,0,0
9.997,0,0,0,0
9.998999999999999,0,0,0,0
